Financial.Education,Online.Banking.Services,Wealth.Services
Investing.and.Retirement,Online.Banking.Services,Wealth.Services
Financial.Education
Financial.Education
Insurance,Tax.Center
About.Wells.Fargo
Mortgage.Loans
About.Wells.Fargo
Wealth.Services
Insurance,Tax.Center,Your.Financial.Goals
About.Wells.Fargo
Online.Banking.Services,Tax.Center
Accounts.and.Services,Mortgage.Loans
Online.Banking.Services
About.Wells.Fargo,Investing.and.Retirement,Mortgage.Loans,Wealth.Services
Insurance
Accounts.and.Services
Wealth.Services
About.Wells.Fargo
Insurance
About.Wells.Fargo
Online.Banking.Services
Investing.and.Retirement,Online.Banking.Services
Mortgage.Loans
Accounts.and.Services,Mortgage.Loans
Accounts.and.Services
About.Wells.Fargo,Accounts.and.Services,Investing.and.Retirement,Wealth.Services
About.Wells.Fargo
Online.Banking.Services
Insurance,Rewards.and.Benefits
Investing.and.Retirement
Investing.and.Retirement,Wealth.Services
Insurance,Investing.Solutions,Mortgage.Loans,Tax.Center
Financial.Education,Investing.Solutions,Online.Banking.Services,Your.Financial.Goals
Accounts.and.Services
Accounts.and.Services,Tax.Center
Mortgage.Loans
Mortgage.Loans
Tax.Center
Accounts.and.Services
Accounts.and.Services
Insurance,Rewards.and.Benefits,Wealth.Services,Your.Financial.Goals
Mortgage.Loans,Rewards.and.Benefits
Wealth.Services
Investing.and.Retirement
Accounts.and.Services
Wealth.Services
Your.Financial.Goals
Mortgage.Loans
Accounts.and.Services,Insurance,Online.Banking.Services
Financial.Education
Financial.Education
Accounts.and.Services
Financial.Education,Rewards.and.Benefits
Accounts.and.Services,Financial.Education,Insurance,Online.Banking.Services
Financial.Education,Investing.Solutions
Financial.Education
Financial.Education
Wealth.Services,Your.Financial.Goals
Wealth.Services
Insurance
Investing.and.Retirement,Online.Banking.Services,Your.Financial.Goals
Accounts.and.Services,Mortgage.Loans
About.Wells.Fargo
Wealth.Services
Financial.Education
Financial.Education,Investing.and.Retirement
About.Wells.Fargo,Insurance
Accounts.and.Services
Mortgage.Loans
Investing.and.Retirement
Financial.Education,Investing.and.Retirement
Online.Banking.Services,Tax.Center
Rewards.and.Benefits,Tax.Center,Wealth.Services
About.Wells.Fargo
Mortgage.Loans
Wealth.Services
Accounts.and.Services,Investing.and.Retirement
Accounts.and.Services,Investing.Solutions,Mortgage.Loans
Mortgage.Loans
Rewards.and.Benefits
Investing.Solutions
Investing.and.Retirement,Mortgage.Loans,Tax.Center,Your.Financial.Goals
Mortgage.Loans,Your.Financial.Goals
Financial.Education
Investing.Solutions
Mortgage.Loans
About.Wells.Fargo
Tax.Center
Rewards.and.Benefits,Wealth.Services
Mortgage.Loans
Tax.Center
Mortgage.Loans
About.Wells.Fargo,Mortgage.Loans
Financial.Education
Accounts.and.Services
Mortgage.Loans,Rewards.and.Benefits
About.Wells.Fargo
About.Wells.Fargo,Rewards.and.Benefits,Wealth.Services
Insurance,Investing.and.Retirement
Online.Banking.Services,Rewards.and.Benefits
Investing.and.Retirement
Investing.Solutions,Wealth.Services
Your.Financial.Goals
Accounts.and.Services
Accounts.and.Services
Investing.Solutions,Tax.Center
Investing.Solutions,Your.Financial.Goals
Tax.Center
Investing.and.Retirement
Insurance
Investing.Solutions,Wealth.Services
Mortgage.Loans,Online.Banking.Services
Financial.Education,Investing.and.Retirement,Rewards.and.Benefits,Tax.Center
Online.Banking.Services
About.Wells.Fargo
Wealth.Services
Tax.Center
Mortgage.Loans,Tax.Center,Your.Financial.Goals
Investing.Solutions
Wealth.Services
Rewards.and.Benefits
Investing.Solutions,Mortgage.Loans
Tax.Center
Mortgage.Loans
Financial.Education
Investing.Solutions,Mortgage.Loans
Financial.Education,Mortgage.Loans
Online.Banking.Services,Wealth.Services
Investing.and.Retirement
About.Wells.Fargo,Rewards.and.Benefits
Tax.Center
Accounts.and.Services
Investing.Solutions
Your.Financial.Goals
Insurance,Mortgage.Loans
Wealth.Services
About.Wells.Fargo
Wealth.Services
Insurance,Investing.Solutions
Insurance,Investing.Solutions
Accounts.and.Services
Insurance,Wealth.Services
Tax.Center
Your.Financial.Goals
Investing.Solutions
Accounts.and.Services
About.Wells.Fargo,Investing.Solutions,Online.Banking.Services,Rewards.and.Benefits
Rewards.and.Benefits
Accounts.and.Services
Your.Financial.Goals
Financial.Education,Investing.and.Retirement,Mortgage.Loans,Wealth.Services
Mortgage.Loans,Tax.Center
Insurance
Insurance
Your.Financial.Goals
Investing.and.Retirement
Financial.Education
Rewards.and.Benefits
Wealth.Services
Your.Financial.Goals
Online.Banking.Services,Wealth.Services
About.Wells.Fargo,Online.Banking.Services
Mortgage.Loans
Investing.and.Retirement,Tax.Center
Insurance,Investing.Solutions
Investing.Solutions
Investing.and.Retirement
About.Wells.Fargo,Accounts.and.Services
Wealth.Services
Wealth.Services
Investing.and.Retirement,Investing.Solutions,Mortgage.Loans,Rewards.and.Benefits
Insurance
Insurance
Your.Financial.Goals
Accounts.and.Services
About.Wells.Fargo
Online.Banking.Services
Insurance,Your.Financial.Goals
About.Wells.Fargo,Rewards.and.Benefits
Rewards.and.Benefits
Accounts.and.Services
Insurance
Mortgage.Loans,Rewards.and.Benefits
Rewards.and.Benefits,Wealth.Services
Financial.Education
Investing.Solutions
Financial.Education
Wealth.Services,Your.Financial.Goals
Mortgage.Loans
Investing.Solutions
Tax.Center
About.Wells.Fargo,Insurance
Mortgage.Loans,Online.Banking.Services,Tax.Center,Wealth.Services
Accounts.and.Services
Financial.Education
Online.Banking.Services
About.Wells.Fargo
Mortgage.Loans,Online.Banking.Services,Wealth.Services
About.Wells.Fargo
Insurance,Investing.and.Retirement
About.Wells.Fargo
Mortgage.Loans
Investing.Solutions
Online.Banking.Services
Investing.Solutions,Your.Financial.Goals
Online.Banking.Services,Tax.Center
Insurance,Mortgage.Loans,Tax.Center
Insurance
Accounts.and.Services
Mortgage.Loans
Mortgage.Loans,Rewards.and.Benefits
Insurance
Accounts.and.Services,Tax.Center
Insurance,Investing.and.Retirement
Accounts.and.Services,Your.Financial.Goals
About.Wells.Fargo
About.Wells.Fargo,Mortgage.Loans
Investing.Solutions,Your.Financial.Goals
Financial.Education
Investing.and.Retirement,Wealth.Services
Investing.Solutions
Mortgage.Loans,Your.Financial.Goals
Online.Banking.Services
Insurance
About.Wells.Fargo
Accounts.and.Services
Mortgage.Loans
Accounts.and.Services,Your.Financial.Goals
Wealth.Services
Insurance,Investing.Solutions
Financial.Education
Investing.and.Retirement,Your.Financial.Goals
Mortgage.Loans
Accounts.and.Services
Rewards.and.Benefits
Your.Financial.Goals
Your.Financial.Goals
Investing.and.Retirement,Your.Financial.Goals
Accounts.and.Services,Tax.Center
About.Wells.Fargo
Accounts.and.Services
About.Wells.Fargo,Financial.Education,Tax.Center
Online.Banking.Services
Mortgage.Loans
Online.Banking.Services
Investing.and.Retirement,Tax.Center
Rewards.and.Benefits
About.Wells.Fargo,Investing.and.Retirement,Rewards.and.Benefits,Your.Financial.Goals
Rewards.and.Benefits
Insurance,Your.Financial.Goals
Tax.Center
Accounts.and.Services,Investing.and.Retirement,Tax.Center,Wealth.Services
Accounts.and.Services,Tax.Center
Investing.and.Retirement
Financial.Education
Mortgage.Loans,Online.Banking.Services
Insurance,Mortgage.Loans
About.Wells.Fargo
Investing.and.Retirement
Financial.Education,Tax.Center
Insurance
Rewards.and.Benefits
Tax.Center
Online.Banking.Services
Insurance
Tax.Center
Rewards.and.Benefits,Wealth.Services
Financial.Education
Online.Banking.Services,Your.Financial.Goals
Tax.Center
Tax.Center
Accounts.and.Services,Investing.and.Retirement,Investing.Solutions,Wealth.Services
Financial.Education
Accounts.and.Services,Investing.Solutions
About.Wells.Fargo,Accounts.and.Services,Investing.and.Retirement,Mortgage.Loans
Rewards.and.Benefits
Investing.Solutions
Investing.Solutions,Mortgage.Loans
Your.Financial.Goals
Online.Banking.Services
Investing.Solutions
Your.Financial.Goals
Accounts.and.Services
Wealth.Services
Online.Banking.Services
Investing.Solutions,Tax.Center
Your.Financial.Goals
About.Wells.Fargo
Rewards.and.Benefits,Wealth.Services
Insurance,Your.Financial.Goals
Financial.Education,Investing.Solutions
Investing.Solutions
Tax.Center
Insurance
Your.Financial.Goals
Online.Banking.Services
About.Wells.Fargo,Investing.and.Retirement
Investing.Solutions
Investing.and.Retirement,Your.Financial.Goals
Investing.Solutions
Tax.Center
Financial.Education,Insurance
Online.Banking.Services
Mortgage.Loans
Insurance
Mortgage.Loans,Your.Financial.Goals
Investing.and.Retirement
Tax.Center
Insurance
Online.Banking.Services
Accounts.and.Services,Investing.and.Retirement,Rewards.and.Benefits
Financial.Education,Investing.Solutions
Accounts.and.Services,Your.Financial.Goals
Investing.Solutions
Mortgage.Loans
Investing.Solutions,Mortgage.Loans
Accounts.and.Services,Insurance,Investing.and.Retirement,Rewards.and.Benefits
Investing.Solutions,Your.Financial.Goals
Mortgage.Loans,Rewards.and.Benefits
Investing.and.Retirement
Tax.Center
Insurance,Your.Financial.Goals
Investing.and.Retirement,Wealth.Services
Investing.Solutions
Investing.and.Retirement
Financial.Education,Investing.and.Retirement,Online.Banking.Services,Your.Financial.Goals
Tax.Center,Wealth.Services
Investing.Solutions
Online.Banking.Services
Online.Banking.Services
Accounts.and.Services,Insurance
Investing.and.Retirement,Investing.Solutions,Rewards.and.Benefits
About.Wells.Fargo,Mortgage.Loans
Investing.Solutions
Rewards.and.Benefits
Insurance
About.Wells.Fargo,Financial.Education,Online.Banking.Services
Investing.Solutions,Tax.Center
Online.Banking.Services
Financial.Education
About.Wells.Fargo
Investing.Solutions
Online.Banking.Services,Wealth.Services
About.Wells.Fargo
Accounts.and.Services,Financial.Education
Wealth.Services
Tax.Center
About.Wells.Fargo
Insurance,Investing.and.Retirement
About.Wells.Fargo
Financial.Education
Rewards.and.Benefits,Wealth.Services
Investing.Solutions,Online.Banking.Services,Tax.Center
Accounts.and.Services,Investing.Solutions,Rewards.and.Benefits
Insurance,Wealth.Services
Rewards.and.Benefits
Accounts.and.Services
Your.Financial.Goals
Your.Financial.Goals
Your.Financial.Goals
Accounts.and.Services
About.Wells.Fargo
Accounts.and.Services
Accounts.and.Services,Wealth.Services
About.Wells.Fargo
Your.Financial.Goals
Online.Banking.Services
Investing.and.Retirement,Your.Financial.Goals
Online.Banking.Services,Wealth.Services
Your.Financial.Goals
Online.Banking.Services,Wealth.Services
Insurance,Tax.Center
About.Wells.Fargo
About.Wells.Fargo
Wealth.Services,Your.Financial.Goals
Investing.and.Retirement,Rewards.and.Benefits
Financial.Education
Online.Banking.Services
Your.Financial.Goals
Investing.and.Retirement
Accounts.and.Services,Wealth.Services
About.Wells.Fargo,Wealth.Services
Mortgage.Loans
Insurance
Investing.and.Retirement
Investing.and.Retirement
Online.Banking.Services
Mortgage.Loans,Online.Banking.Services,Rewards.and.Benefits,Tax.Center
Financial.Education,Mortgage.Loans,Online.Banking.Services
Online.Banking.Services
Mortgage.Loans
About.Wells.Fargo
Online.Banking.Services
Investing.and.Retirement
Accounts.and.Services,Tax.Center
Investing.Solutions,Tax.Center
Tax.Center
Insurance,Investing.and.Retirement,Investing.Solutions,Rewards.and.Benefits
Rewards.and.Benefits
Tax.Center
Accounts.and.Services
Accounts.and.Services
About.Wells.Fargo,Rewards.and.Benefits
Accounts.and.Services,Investing.and.Retirement,Rewards.and.Benefits,Wealth.Services
Accounts.and.Services,Mortgage.Loans
Accounts.and.Services,Investing.and.Retirement,Online.Banking.Services,Rewards.and.Benefits
Wealth.Services,Your.Financial.Goals
Your.Financial.Goals
Tax.Center
Wealth.Services
Online.Banking.Services
Accounts.and.Services
Tax.Center
Investing.Solutions
Online.Banking.Services
Accounts.and.Services,Mortgage.Loans,Your.Financial.Goals
Financial.Education,Rewards.and.Benefits
Mortgage.Loans
Mortgage.Loans,Your.Financial.Goals
Investing.Solutions
Financial.Education
Wealth.Services,Your.Financial.Goals
Accounts.and.Services
Investing.Solutions
Investing.and.Retirement
Accounts.and.Services,Investing.Solutions,Wealth.Services
Financial.Education
Investing.Solutions
Financial.Education,Insurance,Rewards.and.Benefits,Wealth.Services
About.Wells.Fargo
Your.Financial.Goals
Insurance
Accounts.and.Services,Insurance
Investing.and.Retirement
Investing.and.Retirement,Online.Banking.Services
Insurance,Investing.Solutions,Tax.Center,Wealth.Services
Investing.Solutions
Investing.and.Retirement
Investing.and.Retirement
Mortgage.Loans,Online.Banking.Services
Investing.and.Retirement
About.Wells.Fargo,Accounts.and.Services,Rewards.and.Benefits
Online.Banking.Services
Investing.Solutions
Investing.Solutions
About.Wells.Fargo
Mortgage.Loans
Investing.and.Retirement
Investing.and.Retirement
Financial.Education,Wealth.Services
About.Wells.Fargo,Tax.Center
Tax.Center
Financial.Education,Your.Financial.Goals
Mortgage.Loans
Investing.and.Retirement,Mortgage.Loans
Tax.Center
Financial.Education,Mortgage.Loans,Rewards.and.Benefits
Investing.and.Retirement
Investing.Solutions,Rewards.and.Benefits,Your.Financial.Goals
Financial.Education
Financial.Education
Accounts.and.Services,Financial.Education,Investing.Solutions
Investing.Solutions
Investing.and.Retirement
Rewards.and.Benefits
Online.Banking.Services
Investing.and.Retirement
Online.Banking.Services
Online.Banking.Services
Investing.and.Retirement
Tax.Center
Insurance,Wealth.Services,Your.Financial.Goals
Online.Banking.Services
Tax.Center
Wealth.Services
About.Wells.Fargo,Rewards.and.Benefits
Online.Banking.Services
Accounts.and.Services,Insurance
Investing.Solutions,Wealth.Services,Your.Financial.Goals
Your.Financial.Goals
Mortgage.Loans,Online.Banking.Services
Your.Financial.Goals
Investing.and.Retirement,Investing.Solutions
Investing.and.Retirement
Insurance,Your.Financial.Goals
Your.Financial.Goals
Investing.and.Retirement
Accounts.and.Services,Wealth.Services
Tax.Center
Online.Banking.Services
About.Wells.Fargo,Your.Financial.Goals
Investing.and.Retirement,Wealth.Services
About.Wells.Fargo
About.Wells.Fargo
Online.Banking.Services
Financial.Education,Insurance,Your.Financial.Goals
Wealth.Services
Mortgage.Loans,Online.Banking.Services
Mortgage.Loans,Wealth.Services
Insurance
Mortgage.Loans
Tax.Center
Accounts.and.Services
Rewards.and.Benefits
Financial.Education
Mortgage.Loans
Accounts.and.Services,Your.Financial.Goals
Financial.Education
Financial.Education,Investing.Solutions
About.Wells.Fargo,Insurance
Accounts.and.Services
Insurance,Investing.and.Retirement,Rewards.and.Benefits,Your.Financial.Goals
About.Wells.Fargo,Investing.and.Retirement
Accounts.and.Services
Online.Banking.Services
Investing.and.Retirement,Mortgage.Loans
Tax.Center
Your.Financial.Goals
Wealth.Services
Mortgage.Loans,Online.Banking.Services
Online.Banking.Services,Rewards.and.Benefits,Tax.Center,Wealth.Services
Insurance
Investing.and.Retirement,Investing.Solutions,Rewards.and.Benefits,Wealth.Services
Rewards.and.Benefits
Mortgage.Loans
Your.Financial.Goals
About.Wells.Fargo,Wealth.Services
Financial.Education,Investing.Solutions,Your.Financial.Goals
Investing.and.Retirement,Tax.Center
Accounts.and.Services
Investing.and.Retirement
Your.Financial.Goals
Mortgage.Loans
Tax.Center
Insurance
Rewards.and.Benefits
Insurance,Rewards.and.Benefits,Wealth.Services,Your.Financial.Goals
About.Wells.Fargo,Tax.Center
Accounts.and.Services
Investing.Solutions,Rewards.and.Benefits
Insurance
Online.Banking.Services
Tax.Center
Accounts.and.Services,Mortgage.Loans
Accounts.and.Services,Investing.and.Retirement
Wealth.Services
Financial.Education,Mortgage.Loans
Tax.Center,Your.Financial.Goals
Investing.Solutions
Accounts.and.Services
Your.Financial.Goals
Financial.Education,Insurance,Mortgage.Loans,Your.Financial.Goals
Wealth.Services
Investing.and.Retirement
Financial.Education
Financial.Education
Mortgage.Loans,Rewards.and.Benefits
Investing.Solutions
About.Wells.Fargo
Financial.Education,Investing.Solutions,Mortgage.Loans,Online.Banking.Services
Investing.and.Retirement,Wealth.Services
About.Wells.Fargo,Investing.Solutions
Mortgage.Loans
Tax.Center
Accounts.and.Services
Online.Banking.Services,Wealth.Services
Mortgage.Loans
Accounts.and.Services
Wealth.Services
Insurance
Your.Financial.Goals
About.Wells.Fargo
Mortgage.Loans
Financial.Education,Mortgage.Loans
Accounts.and.Services
About.Wells.Fargo,Mortgage.Loans
Insurance
About.Wells.Fargo,Your.Financial.Goals
Investing.and.Retirement
Financial.Education,Investing.and.Retirement
Your.Financial.Goals
Investing.Solutions
Wealth.Services
About.Wells.Fargo,Insurance,Investing.and.Retirement,Tax.Center
Investing.Solutions
Accounts.and.Services,Mortgage.Loans
Insurance
Online.Banking.Services,Wealth.Services
Financial.Education,Mortgage.Loans
Financial.Education
About.Wells.Fargo
About.Wells.Fargo,Insurance
Mortgage.Loans
Investing.and.Retirement
Investing.and.Retirement
Insurance
Tax.Center
Your.Financial.Goals
Accounts.and.Services,Investing.and.Retirement,Online.Banking.Services,Tax.Center
About.Wells.Fargo,Your.Financial.Goals
Investing.Solutions,Wealth.Services
Investing.Solutions,Tax.Center
Accounts.and.Services,Your.Financial.Goals
About.Wells.Fargo,Investing.Solutions
About.Wells.Fargo,Investing.and.Retirement
Mortgage.Loans
Investing.Solutions,Rewards.and.Benefits
Accounts.and.Services,Financial.Education
Accounts.and.Services,Insurance,Investing.Solutions,Rewards.and.Benefits
Financial.Education
Rewards.and.Benefits
Financial.Education
Online.Banking.Services,Rewards.and.Benefits
Insurance
About.Wells.Fargo
Tax.Center
Investing.Solutions
Investing.Solutions,Rewards.and.Benefits
Rewards.and.Benefits
Accounts.and.Services,Mortgage.Loans,Tax.Center
About.Wells.Fargo
Wealth.Services
Mortgage.Loans,Rewards.and.Benefits
Rewards.and.Benefits
Financial.Education,Investing.and.Retirement
About.Wells.Fargo,Online.Banking.Services
Investing.and.Retirement,Mortgage.Loans,Wealth.Services,Your.Financial.Goals
Online.Banking.Services
Mortgage.Loans,Tax.Center,Wealth.Services,Your.Financial.Goals
Rewards.and.Benefits
Rewards.and.Benefits,Wealth.Services
Online.Banking.Services
Insurance
About.Wells.Fargo,Mortgage.Loans
Rewards.and.Benefits,Your.Financial.Goals
Tax.Center
About.Wells.Fargo
Online.Banking.Services
About.Wells.Fargo,Insurance,Wealth.Services,Your.Financial.Goals
Accounts.and.Services,Investing.and.Retirement,Investing.Solutions,Online.Banking.Services
Online.Banking.Services,Rewards.and.Benefits
Accounts.and.Services,Financial.Education
About.Wells.Fargo,Insurance
Financial.Education
Investing.Solutions
Online.Banking.Services,Your.Financial.Goals
Accounts.and.Services
About.Wells.Fargo
Investing.and.Retirement
Online.Banking.Services,Tax.Center
Financial.Education
Investing.Solutions,Tax.Center
Financial.Education
Rewards.and.Benefits
Investing.and.Retirement
Rewards.and.Benefits
Mortgage.Loans
Tax.Center
Your.Financial.Goals
Investing.Solutions
Accounts.and.Services,Your.Financial.Goals
About.Wells.Fargo,Financial.Education
Accounts.and.Services
Mortgage.Loans
Investing.and.Retirement,Online.Banking.Services
Mortgage.Loans
Rewards.and.Benefits
Investing.Solutions
Rewards.and.Benefits,Tax.Center,Your.Financial.Goals
Investing.and.Retirement
Accounts.and.Services,Insurance,Investing.Solutions,Tax.Center
Financial.Education
Online.Banking.Services
Accounts.and.Services,Financial.Education
Financial.Education,Rewards.and.Benefits
Financial.Education,Investing.and.Retirement,Investing.Solutions,Rewards.and.Benefits
Online.Banking.Services
Accounts.and.Services,Investing.and.Retirement,Mortgage.Loans,Rewards.and.Benefits
Financial.Education
Mortgage.Loans
About.Wells.Fargo
Investing.Solutions,Mortgage.Loans
Insurance,Your.Financial.Goals
Tax.Center
Insurance
Investing.Solutions,Your.Financial.Goals
About.Wells.Fargo
Financial.Education
Tax.Center
Financial.Education,Tax.Center,Wealth.Services
Rewards.and.Benefits
Wealth.Services
Insurance
Rewards.and.Benefits
About.Wells.Fargo
Rewards.and.Benefits
About.Wells.Fargo
Accounts.and.Services,Mortgage.Loans
Accounts.and.Services,Investing.Solutions,Online.Banking.Services,Tax.Center
Investing.and.Retirement,Mortgage.Loans,Online.Banking.Services,Rewards.and.Benefits
Accounts.and.Services
About.Wells.Fargo
About.Wells.Fargo
Financial.Education
Wealth.Services
Mortgage.Loans
Investing.Solutions,Wealth.Services
Mortgage.Loans
About.Wells.Fargo
Financial.Education,Investing.and.Retirement,Tax.Center,Your.Financial.Goals
Accounts.and.Services
Accounts.and.Services
Wealth.Services
Wealth.Services
Tax.Center
Insurance
Online.Banking.Services
Accounts.and.Services,Your.Financial.Goals
Investing.Solutions,Rewards.and.Benefits
Insurance
Wealth.Services
Accounts.and.Services,Investing.Solutions,Online.Banking.Services
Tax.Center,Wealth.Services
Insurance
About.Wells.Fargo,Financial.Education,Wealth.Services
Online.Banking.Services
Wealth.Services
Financial.Education,Tax.Center
Investing.and.Retirement
Investing.Solutions
Investing.and.Retirement,Mortgage.Loans,Rewards.and.Benefits
Online.Banking.Services
Tax.Center
About.Wells.Fargo,Online.Banking.Services
Accounts.and.Services,Investing.and.Retirement,Wealth.Services,Your.Financial.Goals
Investing.and.Retirement,Mortgage.Loans,Wealth.Services
Investing.Solutions,Rewards.and.Benefits
Investing.and.Retirement
Financial.Education
Investing.and.Retirement,Mortgage.Loans
Your.Financial.Goals
Mortgage.Loans,Tax.Center
Financial.Education,Insurance
Mortgage.Loans,Wealth.Services
Investing.and.Retirement
Wealth.Services
Investing.Solutions
Rewards.and.Benefits
Insurance,Online.Banking.Services
Accounts.and.Services
Wealth.Services
Insurance,Investing.Solutions
Rewards.and.Benefits,Tax.Center
Investing.Solutions,Your.Financial.Goals
Accounts.and.Services,Investing.Solutions,Rewards.and.Benefits,Your.Financial.Goals
Investing.and.Retirement,Mortgage.Loans
Mortgage.Loans
Insurance
About.Wells.Fargo
Wealth.Services
About.Wells.Fargo
Insurance,Investing.and.Retirement
Investing.and.Retirement,Tax.Center
Investing.Solutions
Tax.Center
Rewards.and.Benefits,Wealth.Services
About.Wells.Fargo
Accounts.and.Services,Investing.Solutions
Wealth.Services
Rewards.and.Benefits
Rewards.and.Benefits
Rewards.and.Benefits
Rewards.and.Benefits
Your.Financial.Goals
Insurance
Investing.and.Retirement,Online.Banking.Services
Wealth.Services
Rewards.and.Benefits
About.Wells.Fargo,Financial.Education,Insurance,Your.Financial.Goals
Online.Banking.Services
Investing.and.Retirement,Mortgage.Loans
Your.Financial.Goals
Tax.Center
Investing.and.Retirement,Your.Financial.Goals
Rewards.and.Benefits
Financial.Education
Financial.Education
Mortgage.Loans
Investing.and.Retirement
Investing.and.Retirement
Financial.Education
Accounts.and.Services
Rewards.and.Benefits
Investing.and.Retirement
Accounts.and.Services,Your.Financial.Goals
About.Wells.Fargo
About.Wells.Fargo
Online.Banking.Services
Your.Financial.Goals
About.Wells.Fargo
Mortgage.Loans
About.Wells.Fargo,Accounts.and.Services
About.Wells.Fargo,Investing.Solutions
About.Wells.Fargo
Financial.Education,Wealth.Services
About.Wells.Fargo
Your.Financial.Goals
Financial.Education
Insurance,Wealth.Services
Insurance,Tax.Center
Accounts.and.Services
Financial.Education
Wealth.Services
Online.Banking.Services
Insurance,Rewards.and.Benefits
Insurance,Your.Financial.Goals
Tax.Center
Online.Banking.Services,Rewards.and.Benefits,Tax.Center
Rewards.and.Benefits
Investing.and.Retirement
Investing.Solutions
Insurance
Accounts.and.Services
Financial.Education,Wealth.Services
Insurance
Your.Financial.Goals
Accounts.and.Services,Tax.Center
About.Wells.Fargo
Insurance,Investing.and.Retirement,Tax.Center,Wealth.Services
Financial.Education
Insurance,Investing.and.Retirement
Tax.Center
About.Wells.Fargo,Tax.Center
Tax.Center
About.Wells.Fargo,Your.Financial.Goals
Your.Financial.Goals
Investing.Solutions
Insurance,Rewards.and.Benefits
About.Wells.Fargo,Insurance,Investing.Solutions,Mortgage.Loans
Your.Financial.Goals
Rewards.and.Benefits,Wealth.Services,Your.Financial.Goals
Tax.Center
Investing.and.Retirement
Mortgage.Loans
Wealth.Services
Wealth.Services,Your.Financial.Goals
Online.Banking.Services
Mortgage.Loans
About.Wells.Fargo,Investing.Solutions
About.Wells.Fargo
Online.Banking.Services
About.Wells.Fargo,Online.Banking.Services
Online.Banking.Services,Your.Financial.Goals
Rewards.and.Benefits
About.Wells.Fargo,Financial.Education
Financial.Education,Investing.and.Retirement
Investing.Solutions
Wealth.Services
Rewards.and.Benefits
About.Wells.Fargo
Insurance
Wealth.Services
Insurance
Mortgage.Loans
Insurance,Online.Banking.Services,Your.Financial.Goals
Mortgage.Loans,Rewards.and.Benefits
Insurance
Tax.Center
Accounts.and.Services
About.Wells.Fargo
Accounts.and.Services,Insurance
About.Wells.Fargo,Insurance
Wealth.Services
Financial.Education,Mortgage.Loans
About.Wells.Fargo,Insurance,Investing.Solutions,Your.Financial.Goals
Accounts.and.Services
Insurance,Rewards.and.Benefits
Investing.Solutions,Your.Financial.Goals
Insurance,Tax.Center
Accounts.and.Services
About.Wells.Fargo,Rewards.and.Benefits
Investing.and.Retirement,Rewards.and.Benefits
Accounts.and.Services
Accounts.and.Services,Online.Banking.Services
Investing.Solutions,Mortgage.Loans,Tax.Center,Wealth.Services
Insurance,Mortgage.Loans
Insurance
Investing.and.Retirement
Tax.Center
Accounts.and.Services
Mortgage.Loans
Investing.and.Retirement
Your.Financial.Goals
Insurance
Tax.Center,Your.Financial.Goals
Investing.Solutions,Online.Banking.Services
Investing.and.Retirement
Wealth.Services
About.Wells.Fargo,Investing.Solutions
Accounts.and.Services,Financial.Education,Insurance,Mortgage.Loans
Investing.and.Retirement,Wealth.Services
Online.Banking.Services
Wealth.Services,Your.Financial.Goals
Insurance
Insurance,Investing.and.Retirement,Mortgage.Loans,Your.Financial.Goals
Wealth.Services
Mortgage.Loans
Tax.Center
About.Wells.Fargo,Insurance,Investing.Solutions,Tax.Center
Accounts.and.Services,Mortgage.Loans
About.Wells.Fargo,Financial.Education,Insurance
Investing.and.Retirement
About.Wells.Fargo,Insurance
Tax.Center
Wealth.Services
Mortgage.Loans
About.Wells.Fargo,Insurance
About.Wells.Fargo,Online.Banking.Services
Tax.Center
Financial.Education
Investing.Solutions
Investing.Solutions,Wealth.Services,Your.Financial.Goals
Financial.Education
Mortgage.Loans,Wealth.Services
Your.Financial.Goals
Online.Banking.Services
Rewards.and.Benefits
Insurance
Accounts.and.Services
Investing.and.Retirement
About.Wells.Fargo
About.Wells.Fargo,Financial.Education
Tax.Center
Investing.and.Retirement,Rewards.and.Benefits
About.Wells.Fargo,Rewards.and.Benefits
About.Wells.Fargo,Insurance,Mortgage.Loans,Tax.Center
About.Wells.Fargo
Online.Banking.Services,Rewards.and.Benefits
Insurance
Investing.and.Retirement
Investing.and.Retirement
Investing.Solutions
Investing.and.Retirement,Your.Financial.Goals
Investing.Solutions
Your.Financial.Goals
Investing.and.Retirement,Your.Financial.Goals
Tax.Center
Financial.Education,Wealth.Services
Accounts.and.Services,Insurance,Online.Banking.Services
Investing.Solutions
Investing.Solutions
Financial.Education,Insurance,Rewards.and.Benefits,Tax.Center
Insurance
Accounts.and.Services,Wealth.Services
Online.Banking.Services
Rewards.and.Benefits
Tax.Center
Investing.Solutions
Insurance,Mortgage.Loans
Investing.and.Retirement
Rewards.and.Benefits
About.Wells.Fargo
Mortgage.Loans,Your.Financial.Goals
Online.Banking.Services
Investing.and.Retirement
Financial.Education
Investing.Solutions,Your.Financial.Goals
Financial.Education
Tax.Center
Your.Financial.Goals
Accounts.and.Services,Financial.Education
Insurance
Your.Financial.Goals
About.Wells.Fargo
Investing.and.Retirement,Mortgage.Loans
Tax.Center
Accounts.and.Services,Investing.Solutions
Financial.Education,Investing.and.Retirement
Insurance
Accounts.and.Services,Your.Financial.Goals
Accounts.and.Services,Mortgage.Loans,Wealth.Services
Mortgage.Loans
Mortgage.Loans
Accounts.and.Services,Tax.Center
Mortgage.Loans,Wealth.Services
About.Wells.Fargo
Accounts.and.Services,Investing.Solutions,Rewards.and.Benefits
Financial.Education,Investing.Solutions,Online.Banking.Services
Investing.and.Retirement
Rewards.and.Benefits
About.Wells.Fargo,Online.Banking.Services
Your.Financial.Goals
Online.Banking.Services
Accounts.and.Services,Online.Banking.Services,Tax.Center,Your.Financial.Goals
Financial.Education,Investing.and.Retirement,Online.Banking.Services
Insurance,Investing.and.Retirement
Tax.Center
Investing.and.Retirement
Accounts.and.Services,Wealth.Services
About.Wells.Fargo,Mortgage.Loans
Investing.and.Retirement
Investing.Solutions,Mortgage.Loans
Investing.and.Retirement,Your.Financial.Goals
About.Wells.Fargo
Rewards.and.Benefits
Wealth.Services
About.Wells.Fargo
Tax.Center
Accounts.and.Services,Investing.Solutions,Mortgage.Loans,Your.Financial.Goals
Rewards.and.Benefits
Accounts.and.Services
Mortgage.Loans
About.Wells.Fargo
Wealth.Services
Financial.Education,Insurance,Online.Banking.Services
About.Wells.Fargo,Accounts.and.Services,Mortgage.Loans,Your.Financial.Goals
Investing.Solutions
Accounts.and.Services,Mortgage.Loans
Financial.Education,Your.Financial.Goals
Investing.Solutions
About.Wells.Fargo
About.Wells.Fargo,Investing.and.Retirement,Your.Financial.Goals
Financial.Education
About.Wells.Fargo
Mortgage.Loans
Mortgage.Loans,Your.Financial.Goals
Insurance,Mortgage.Loans,Rewards.and.Benefits,Tax.Center
Rewards.and.Benefits
Rewards.and.Benefits
Investing.Solutions,Rewards.and.Benefits
About.Wells.Fargo,Tax.Center
Accounts.and.Services,Financial.Education,Mortgage.Loans,Your.Financial.Goals
Investing.and.Retirement
Online.Banking.Services
Wealth.Services
Investing.Solutions
Accounts.and.Services
Tax.Center
Online.Banking.Services
Investing.and.Retirement,Your.Financial.Goals
About.Wells.Fargo
Financial.Education
Online.Banking.Services
Your.Financial.Goals
Mortgage.Loans
Tax.Center,Wealth.Services
Online.Banking.Services
Investing.and.Retirement
Tax.Center,Your.Financial.Goals
Your.Financial.Goals
About.Wells.Fargo
Insurance
Accounts.and.Services,Your.Financial.Goals
Financial.Education,Online.Banking.Services
Investing.Solutions
Online.Banking.Services,Wealth.Services
Insurance
Insurance,Investing.Solutions
Accounts.and.Services
Wealth.Services
Wealth.Services
Wealth.Services
Insurance,Rewards.and.Benefits
Tax.Center
Investing.Solutions
Rewards.and.Benefits
Investing.Solutions
Insurance
Insurance
Investing.Solutions,Tax.Center
Online.Banking.Services
Rewards.and.Benefits
Wealth.Services
Insurance,Rewards.and.Benefits
Mortgage.Loans
Online.Banking.Services,Wealth.Services
Rewards.and.Benefits
About.Wells.Fargo
Financial.Education,Investing.Solutions
Wealth.Services
Mortgage.Loans
Accounts.and.Services,Your.Financial.Goals
Accounts.and.Services
Wealth.Services
Accounts.and.Services,Investing.and.Retirement
Investing.and.Retirement
Accounts.and.Services
Mortgage.Loans,Rewards.and.Benefits
Online.Banking.Services
Financial.Education,Investing.Solutions
Investing.and.Retirement
Rewards.and.Benefits
Rewards.and.Benefits
Tax.Center
About.Wells.Fargo,Accounts.and.Services
Online.Banking.Services
Investing.Solutions,Wealth.Services
About.Wells.Fargo
Investing.and.Retirement
About.Wells.Fargo
Financial.Education
Mortgage.Loans
Investing.Solutions,Wealth.Services
Financial.Education
Online.Banking.Services
Accounts.and.Services,Rewards.and.Benefits,Tax.Center
About.Wells.Fargo,Investing.and.Retirement
Online.Banking.Services
Rewards.and.Benefits
Investing.and.Retirement
Investing.Solutions
Investing.Solutions
Financial.Education,Rewards.and.Benefits
Accounts.and.Services,Financial.Education
Accounts.and.Services,Investing.Solutions
Investing.Solutions
Accounts.and.Services,Insurance
Rewards.and.Benefits
Insurance,Investing.Solutions,Mortgage.Loans,Your.Financial.Goals
Mortgage.Loans
Mortgage.Loans
Investing.and.Retirement,Tax.Center
Investing.and.Retirement
Investing.and.Retirement
About.Wells.Fargo,Investing.Solutions,Online.Banking.Services
Financial.Education
Tax.Center
Investing.and.Retirement
Insurance
Investing.Solutions
Investing.Solutions
Wealth.Services
Investing.Solutions
About.Wells.Fargo
Rewards.and.Benefits,Wealth.Services
Investing.and.Retirement
Investing.and.Retirement
Investing.Solutions
Investing.Solutions
Accounts.and.Services
About.Wells.Fargo
Rewards.and.Benefits
Insurance,Online.Banking.Services,Your.Financial.Goals
Online.Banking.Services
About.Wells.Fargo
Insurance
Tax.Center
Rewards.and.Benefits
Insurance
Your.Financial.Goals
Investing.and.Retirement
About.Wells.Fargo,Accounts.and.Services
Mortgage.Loans,Rewards.and.Benefits
Rewards.and.Benefits
Financial.Education,Investing.and.Retirement
Investing.Solutions
Rewards.and.Benefits
Financial.Education,Insurance,Rewards.and.Benefits,Wealth.Services
Financial.Education
Mortgage.Loans,Online.Banking.Services,Rewards.and.Benefits,Tax.Center
Accounts.and.Services,Investing.and.Retirement,Mortgage.Loans,Your.Financial.Goals
Your.Financial.Goals
Insurance
Mortgage.Loans
About.Wells.Fargo
Tax.Center
Investing.and.Retirement
Accounts.and.Services,Financial.Education,Your.Financial.Goals
Online.Banking.Services
Tax.Center
Accounts.and.Services,Investing.Solutions
Accounts.and.Services,Investing.Solutions
Accounts.and.Services,Online.Banking.Services
Accounts.and.Services
About.Wells.Fargo
Insurance
Insurance
About.Wells.Fargo,Financial.Education
Insurance,Tax.Center
Mortgage.Loans
Investing.and.Retirement
Insurance,Investing.and.Retirement,Online.Banking.Services,Wealth.Services
Insurance
About.Wells.Fargo,Financial.Education
Tax.Center
Investing.and.Retirement,Your.Financial.Goals
Investing.Solutions
Rewards.and.Benefits
Investing.Solutions
Tax.Center
Accounts.and.Services,Wealth.Services
Investing.and.Retirement,Online.Banking.Services
Investing.Solutions,Mortgage.Loans
Wealth.Services
Accounts.and.Services,Rewards.and.Benefits
Online.Banking.Services
About.Wells.Fargo,Financial.Education
Investing.Solutions
Mortgage.Loans,Rewards.and.Benefits
Accounts.and.Services
Financial.Education
Online.Banking.Services
Investing.Solutions
Wealth.Services
Investing.and.Retirement,Mortgage.Loans
Tax.Center
Wealth.Services
Financial.Education
About.Wells.Fargo
Mortgage.Loans
Wealth.Services
Financial.Education
Insurance
Accounts.and.Services,Investing.and.Retirement,Online.Banking.Services
Investing.and.Retirement
Tax.Center
Financial.Education,Insurance
Mortgage.Loans,Tax.Center
Investing.Solutions
Wealth.Services,Your.Financial.Goals
Accounts.and.Services,Tax.Center
Investing.and.Retirement
Online.Banking.Services
Investing.and.Retirement,Tax.Center
Online.Banking.Services
About.Wells.Fargo,Online.Banking.Services
Accounts.and.Services
About.Wells.Fargo,Accounts.and.Services
Investing.Solutions,Rewards.and.Benefits
Accounts.and.Services,Investing.Solutions,Mortgage.Loans,Tax.Center
About.Wells.Fargo,Accounts.and.Services,Insurance,Wealth.Services
About.Wells.Fargo,Tax.Center,Your.Financial.Goals
Investing.Solutions,Your.Financial.Goals
About.Wells.Fargo,Insurance,Investing.and.Retirement,Tax.Center
Rewards.and.Benefits
Investing.Solutions
Investing.Solutions,Your.Financial.Goals
Investing.Solutions,Mortgage.Loans
Accounts.and.Services,Investing.Solutions
Online.Banking.Services
Online.Banking.Services,Tax.Center,Wealth.Services
Investing.and.Retirement
Your.Financial.Goals
Wealth.Services
About.Wells.Fargo,Insurance,Investing.Solutions,Tax.Center
Your.Financial.Goals
Tax.Center
About.Wells.Fargo,Mortgage.Loans
Rewards.and.Benefits
Your.Financial.Goals
Financial.Education
Wealth.Services
Accounts.and.Services
Accounts.and.Services,Mortgage.Loans
Wealth.Services,Your.Financial.Goals
Your.Financial.Goals
Mortgage.Loans,Online.Banking.Services
Tax.Center
Investing.and.Retirement,Tax.Center
Accounts.and.Services,Mortgage.Loans
Insurance
Accounts.and.Services
Investing.Solutions
Online.Banking.Services
Online.Banking.Services,Rewards.and.Benefits
Investing.and.Retirement
About.Wells.Fargo
About.Wells.Fargo,Wealth.Services
Online.Banking.Services
Accounts.and.Services
Financial.Education,Rewards.and.Benefits
Tax.Center
Rewards.and.Benefits
Online.Banking.Services
About.Wells.Fargo,Accounts.and.Services
Online.Banking.Services,Wealth.Services
Accounts.and.Services
Your.Financial.Goals
Insurance
About.Wells.Fargo
Investing.Solutions
Accounts.and.Services,Investing.Solutions,Online.Banking.Services,Tax.Center
Wealth.Services
Accounts.and.Services
Rewards.and.Benefits
Rewards.and.Benefits
Online.Banking.Services
Accounts.and.Services,Investing.and.Retirement,Tax.Center,Wealth.Services
Online.Banking.Services,Your.Financial.Goals
About.Wells.Fargo
Your.Financial.Goals
Tax.Center
Online.Banking.Services
Investing.and.Retirement
Your.Financial.Goals
Mortgage.Loans
Mortgage.Loans,Your.Financial.Goals
About.Wells.Fargo
Insurance
Accounts.and.Services
Investing.Solutions
Insurance
Accounts.and.Services,Online.Banking.Services
Financial.Education,Insurance,Investing.Solutions,Rewards.and.Benefits
Accounts.and.Services,Rewards.and.Benefits
Online.Banking.Services,Tax.Center
Financial.Education
Investing.and.Retirement
Investing.and.Retirement,Investing.Solutions,Mortgage.Loans
Financial.Education,Investing.and.Retirement
Insurance,Online.Banking.Services
Insurance
Investing.and.Retirement
Investing.Solutions
Financial.Education
Tax.Center
About.Wells.Fargo
Insurance
Financial.Education,Insurance
Your.Financial.Goals
Insurance,Investing.Solutions,Mortgage.Loans,Your.Financial.Goals
Rewards.and.Benefits
Financial.Education
Investing.and.Retirement
Investing.Solutions,Wealth.Services
Online.Banking.Services
Investing.Solutions,Your.Financial.Goals
Investing.and.Retirement,Your.Financial.Goals
Online.Banking.Services
Insurance,Tax.Center
Financial.Education
Wealth.Services
About.Wells.Fargo,Insurance,Rewards.and.Benefits
Mortgage.Loans
About.Wells.Fargo
About.Wells.Fargo
Your.Financial.Goals
Accounts.and.Services
Accounts.and.Services
Wealth.Services
Financial.Education
Accounts.and.Services
Investing.Solutions
Tax.Center
About.Wells.Fargo,Accounts.and.Services,Mortgage.Loans,Wealth.Services
Tax.Center
Tax.Center
Rewards.and.Benefits
About.Wells.Fargo,Online.Banking.Services
Insurance,Online.Banking.Services
Investing.Solutions,Online.Banking.Services
Accounts.and.Services,Investing.and.Retirement,Mortgage.Loans,Online.Banking.Services
Accounts.and.Services,Mortgage.Loans,Online.Banking.Services,Wealth.Services
Your.Financial.Goals
About.Wells.Fargo
Financial.Education
Investing.and.Retirement
Online.Banking.Services
Wealth.Services
Investing.and.Retirement
Insurance
Financial.Education,Tax.Center
Your.Financial.Goals
About.Wells.Fargo,Mortgage.Loans
Investing.and.Retirement
About.Wells.Fargo,Online.Banking.Services
Your.Financial.Goals
Financial.Education
Investing.Solutions,Online.Banking.Services
About.Wells.Fargo
Financial.Education,Online.Banking.Services
About.Wells.Fargo
Accounts.and.Services
Investing.and.Retirement
Online.Banking.Services,Rewards.and.Benefits
Insurance
Online.Banking.Services
Accounts.and.Services
Rewards.and.Benefits
About.Wells.Fargo
Mortgage.Loans
Online.Banking.Services
Financial.Education,Rewards.and.Benefits
Rewards.and.Benefits,Your.Financial.Goals
Insurance,Online.Banking.Services
Your.Financial.Goals
Online.Banking.Services
About.Wells.Fargo,Insurance,Investing.and.Retirement,Tax.Center
About.Wells.Fargo,Financial.Education,Rewards.and.Benefits
Financial.Education
Investing.Solutions
About.Wells.Fargo
Insurance,Your.Financial.Goals
About.Wells.Fargo,Accounts.and.Services
Mortgage.Loans,Your.Financial.Goals
Accounts.and.Services
Accounts.and.Services,Insurance,Investing.Solutions,Mortgage.Loans
Tax.Center
Financial.Education
Investing.and.Retirement
About.Wells.Fargo,Wealth.Services
Investing.Solutions,Mortgage.Loans
Investing.Solutions
Investing.and.Retirement
Your.Financial.Goals
Mortgage.Loans
Mortgage.Loans
Rewards.and.Benefits
Investing.Solutions,Online.Banking.Services,Rewards.and.Benefits,Your.Financial.Goals
Wealth.Services
Accounts.and.Services
Rewards.and.Benefits,Your.Financial.Goals
Wealth.Services
About.Wells.Fargo
Insurance
Tax.Center
Rewards.and.Benefits
Tax.Center
Accounts.and.Services,Mortgage.Loans
Your.Financial.Goals
About.Wells.Fargo,Accounts.and.Services,Financial.Education,Wealth.Services
Insurance,Mortgage.Loans
Investing.Solutions
Investing.Solutions
Investing.Solutions,Tax.Center
Your.Financial.Goals
Insurance
Insurance
Rewards.and.Benefits
Investing.Solutions,Tax.Center
About.Wells.Fargo,Online.Banking.Services,Wealth.Services
Financial.Education
Accounts.and.Services,Mortgage.Loans
About.Wells.Fargo,Investing.and.Retirement,Online.Banking.Services,Tax.Center
Insurance
Your.Financial.Goals
Rewards.and.Benefits
Wealth.Services
Tax.Center
Rewards.and.Benefits
Insurance
Tax.Center
Accounts.and.Services,Rewards.and.Benefits
Mortgage.Loans
Investing.and.Retirement
Accounts.and.Services
Investing.and.Retirement
Insurance
Mortgage.Loans
Rewards.and.Benefits,Your.Financial.Goals
Insurance,Your.Financial.Goals
Accounts.and.Services,Mortgage.Loans
Mortgage.Loans,Tax.Center
Accounts.and.Services,Insurance,Rewards.and.Benefits,Your.Financial.Goals
Accounts.and.Services,Rewards.and.Benefits
Investing.Solutions
Online.Banking.Services
Mortgage.Loans
About.Wells.Fargo,Online.Banking.Services
Insurance
Wealth.Services
Your.Financial.Goals
Your.Financial.Goals
Accounts.and.Services,Wealth.Services
About.Wells.Fargo,Insurance
Wealth.Services
Accounts.and.Services
Financial.Education
Financial.Education
Investing.and.Retirement
Online.Banking.Services
Tax.Center
Accounts.and.Services,Mortgage.Loans
Insurance
Wealth.Services
Investing.and.Retirement,Tax.Center
Insurance,Online.Banking.Services
Tax.Center
Accounts.and.Services,Rewards.and.Benefits
Your.Financial.Goals
Insurance
Financial.Education
Rewards.and.Benefits
Insurance,Online.Banking.Services
Insurance,Investing.and.Retirement,Online.Banking.Services
Investing.Solutions
Investing.and.Retirement
Insurance
Insurance,Investing.and.Retirement,Mortgage.Loans,Tax.Center
Rewards.and.Benefits
Online.Banking.Services
Rewards.and.Benefits
Financial.Education
Rewards.and.Benefits
Mortgage.Loans
Investing.and.Retirement
About.Wells.Fargo
Investing.and.Retirement,Mortgage.Loans
Tax.Center
Financial.Education
Investing.and.Retirement
About.Wells.Fargo,Online.Banking.Services
Investing.Solutions
About.Wells.Fargo,Mortgage.Loans,Wealth.Services,Your.Financial.Goals
Accounts.and.Services
About.Wells.Fargo
Wealth.Services,Your.Financial.Goals
Mortgage.Loans,Online.Banking.Services
Investing.Solutions
Tax.Center
Investing.and.Retirement,Rewards.and.Benefits
Investing.and.Retirement,Online.Banking.Services
Investing.and.Retirement
Investing.Solutions
About.Wells.Fargo,Investing.and.Retirement
About.Wells.Fargo,Online.Banking.Services,Wealth.Services,Your.Financial.Goals
Mortgage.Loans
Accounts.and.Services
About.Wells.Fargo,Your.Financial.Goals
Investing.and.Retirement
Accounts.and.Services,Investing.Solutions,Wealth.Services
Investing.Solutions
Investing.Solutions
Insurance
Tax.Center,Your.Financial.Goals
Insurance
Accounts.and.Services
Insurance
Financial.Education,Wealth.Services
Investing.and.Retirement,Mortgage.Loans
Accounts.and.Services
About.Wells.Fargo,Accounts.and.Services
About.Wells.Fargo
Investing.Solutions
Online.Banking.Services,Rewards.and.Benefits,Tax.Center
Rewards.and.Benefits,Your.Financial.Goals
Financial.Education
Online.Banking.Services
Online.Banking.Services
Tax.Center
Rewards.and.Benefits
Insurance
Accounts.and.Services,Rewards.and.Benefits
About.Wells.Fargo,Investing.and.Retirement
Investing.Solutions
About.Wells.Fargo,Investing.and.Retirement
About.Wells.Fargo,Insurance,Investing.Solutions,Your.Financial.Goals
Mortgage.Loans
About.Wells.Fargo,Online.Banking.Services
Insurance
Accounts.and.Services
Financial.Education
About.Wells.Fargo,Rewards.and.Benefits
About.Wells.Fargo
Wealth.Services
Your.Financial.Goals
Rewards.and.Benefits
About.Wells.Fargo,Your.Financial.Goals
Mortgage.Loans
Wealth.Services
Wealth.Services
Financial.Education
About.Wells.Fargo,Investing.and.Retirement,Rewards.and.Benefits,Tax.Center
Insurance
About.Wells.Fargo
Accounts.and.Services,Mortgage.Loans,Rewards.and.Benefits,Wealth.Services
Wealth.Services
About.Wells.Fargo,Investing.Solutions
Wealth.Services
About.Wells.Fargo
Insurance
Insurance
Financial.Education,Investing.Solutions,Rewards.and.Benefits,Your.Financial.Goals
Investing.Solutions
About.Wells.Fargo
Investing.Solutions
Accounts.and.Services,Online.Banking.Services
About.Wells.Fargo
About.Wells.Fargo,Accounts.and.Services,Online.Banking.Services
Mortgage.Loans
About.Wells.Fargo,Mortgage.Loans
About.Wells.Fargo
Insurance
Online.Banking.Services
Online.Banking.Services
Financial.Education
Insurance
Accounts.and.Services,Wealth.Services
Insurance,Online.Banking.Services,Tax.Center,Your.Financial.Goals
Mortgage.Loans
Mortgage.Loans
Accounts.and.Services
Accounts.and.Services,Insurance
Accounts.and.Services,Investing.Solutions,Online.Banking.Services,Your.Financial.Goals
Accounts.and.Services,Investing.and.Retirement
Investing.and.Retirement,Wealth.Services
About.Wells.Fargo
Financial.Education
Rewards.and.Benefits
About.Wells.Fargo,Online.Banking.Services
About.Wells.Fargo
Mortgage.Loans
Accounts.and.Services,Insurance,Investing.and.Retirement,Your.Financial.Goals
About.Wells.Fargo
About.Wells.Fargo,Wealth.Services
Accounts.and.Services,Mortgage.Loans
Investing.and.Retirement,Tax.Center
Rewards.and.Benefits
Financial.Education
Rewards.and.Benefits,Your.Financial.Goals
About.Wells.Fargo
Investing.Solutions
Your.Financial.Goals
Tax.Center,Your.Financial.Goals
Financial.Education
Tax.Center
Insurance
About.Wells.Fargo,Your.Financial.Goals
Wealth.Services
About.Wells.Fargo,Investing.and.Retirement
Investing.and.Retirement,Investing.Solutions,Your.Financial.Goals
Wealth.Services
Investing.and.Retirement
Your.Financial.Goals
Investing.and.Retirement
Insurance
Investing.Solutions
Investing.Solutions,Mortgage.Loans,Tax.Center
Investing.and.Retirement,Rewards.and.Benefits
About.Wells.Fargo,Accounts.and.Services,Financial.Education,Your.Financial.Goals
Mortgage.Loans
Insurance
About.Wells.Fargo,Accounts.and.Services,Online.Banking.Services
Financial.Education
Financial.Education
Insurance,Investing.Solutions
Investing.and.Retirement,Rewards.and.Benefits,Your.Financial.Goals
Insurance,Rewards.and.Benefits
Investing.Solutions
Investing.Solutions,Mortgage.Loans
Accounts.and.Services,Insurance
Financial.Education
Mortgage.Loans,Online.Banking.Services
Insurance,Tax.Center
Accounts.and.Services,Your.Financial.Goals
Financial.Education
Insurance
About.Wells.Fargo,Online.Banking.Services
Financial.Education
Accounts.and.Services,Online.Banking.Services,Rewards.and.Benefits,Tax.Center
Insurance
Accounts.and.Services,Financial.Education,Insurance,Investing.Solutions
Mortgage.Loans
Investing.and.Retirement
Mortgage.Loans,Your.Financial.Goals
Mortgage.Loans
Insurance,Rewards.and.Benefits
Mortgage.Loans
Insurance,Investing.and.Retirement
Insurance
Accounts.and.Services,Investing.and.Retirement
About.Wells.Fargo,Accounts.and.Services
Online.Banking.Services
Financial.Education
About.Wells.Fargo
Insurance
Online.Banking.Services,Rewards.and.Benefits
Online.Banking.Services
Investing.Solutions
Investing.and.Retirement,Tax.Center
Tax.Center
Wealth.Services
Investing.and.Retirement
Investing.Solutions
Online.Banking.Services
Investing.Solutions
About.Wells.Fargo
Rewards.and.Benefits
About.Wells.Fargo,Investing.and.Retirement,Wealth.Services
About.Wells.Fargo,Financial.Education,Investing.and.Retirement,Investing.Solutions
Investing.and.Retirement
About.Wells.Fargo,Accounts.and.Services,Financial.Education,Rewards.and.Benefits
Investing.and.Retirement
Online.Banking.Services
Rewards.and.Benefits
Investing.Solutions,Your.Financial.Goals
Your.Financial.Goals
Accounts.and.Services,Rewards.and.Benefits
About.Wells.Fargo,Mortgage.Loans
About.Wells.Fargo,Investing.and.Retirement
Insurance
Tax.Center
Wealth.Services
Investing.Solutions,Tax.Center
About.Wells.Fargo
About.Wells.Fargo
Online.Banking.Services
Wealth.Services
Investing.Solutions
Accounts.and.Services,Financial.Education
Online.Banking.Services,Wealth.Services
Your.Financial.Goals
About.Wells.Fargo,Rewards.and.Benefits,Wealth.Services,Your.Financial.Goals
Investing.Solutions
Insurance
About.Wells.Fargo
Investing.and.Retirement,Tax.Center
Accounts.and.Services
Insurance,Rewards.and.Benefits
Mortgage.Loans
Financial.Education
Online.Banking.Services
Online.Banking.Services,Your.Financial.Goals
Accounts.and.Services,Rewards.and.Benefits
Investing.Solutions,Mortgage.Loans,Online.Banking.Services,Your.Financial.Goals
Tax.Center
Accounts.and.Services,Insurance
Investing.and.Retirement
Accounts.and.Services
Insurance,Investing.and.Retirement
About.Wells.Fargo
Your.Financial.Goals
Online.Banking.Services
Investing.and.Retirement
Investing.Solutions
Online.Banking.Services
Your.Financial.Goals
Investing.Solutions
Tax.Center
Accounts.and.Services,Investing.Solutions,Mortgage.Loans,Rewards.and.Benefits
Investing.and.Retirement
Financial.Education,Investing.and.Retirement
Your.Financial.Goals
Rewards.and.Benefits,Tax.Center
Investing.and.Retirement,Rewards.and.Benefits
Accounts.and.Services
Your.Financial.Goals
Accounts.and.Services
Tax.Center
Rewards.and.Benefits
About.Wells.Fargo
Investing.and.Retirement,Tax.Center,Your.Financial.Goals
Accounts.and.Services
About.Wells.Fargo
Insurance
Wealth.Services,Your.Financial.Goals
Accounts.and.Services
Investing.and.Retirement,Wealth.Services
Wealth.Services
Investing.Solutions
Financial.Education,Tax.Center
Financial.Education,Your.Financial.Goals
Insurance
Wealth.Services
Mortgage.Loans
Mortgage.Loans
Accounts.and.Services
Your.Financial.Goals
Rewards.and.Benefits
Rewards.and.Benefits
Accounts.and.Services
About.Wells.Fargo,Mortgage.Loans
About.Wells.Fargo,Financial.Education,Investing.and.Retirement,Online.Banking.Services
Investing.Solutions,Mortgage.Loans,Tax.Center
Online.Banking.Services
Online.Banking.Services
Your.Financial.Goals
Accounts.and.Services
Online.Banking.Services,Tax.Center,Your.Financial.Goals
Insurance
Insurance
Tax.Center
About.Wells.Fargo,Investing.and.Retirement
Financial.Education
Wealth.Services
About.Wells.Fargo,Mortgage.Loans
About.Wells.Fargo,Investing.Solutions,Tax.Center,Wealth.Services
Wealth.Services
Financial.Education,Rewards.and.Benefits
Tax.Center
Rewards.and.Benefits
Financial.Education,Mortgage.Loans
Mortgage.Loans
Financial.Education
Wealth.Services
Online.Banking.Services
Investing.Solutions
Wealth.Services
Insurance
Accounts.and.Services,Insurance,Mortgage.Loans,Tax.Center
Investing.Solutions
Tax.Center
Rewards.and.Benefits
Wealth.Services
Wealth.Services
Tax.Center,Your.Financial.Goals
Accounts.and.Services,Financial.Education
Mortgage.Loans,Wealth.Services
Insurance
Mortgage.Loans,Your.Financial.Goals
About.Wells.Fargo,Online.Banking.Services
Investing.and.Retirement,Rewards.and.Benefits
Investing.and.Retirement,Tax.Center
Financial.Education
About.Wells.Fargo,Mortgage.Loans,Online.Banking.Services,Wealth.Services
About.Wells.Fargo,Investing.Solutions
Rewards.and.Benefits
Tax.Center
About.Wells.Fargo,Rewards.and.Benefits
Wealth.Services
Online.Banking.Services,Rewards.and.Benefits
Accounts.and.Services
Tax.Center
Rewards.and.Benefits
Mortgage.Loans,Wealth.Services
Wealth.Services
Investing.and.Retirement,Investing.Solutions
Financial.Education,Mortgage.Loans,Tax.Center,Your.Financial.Goals
About.Wells.Fargo
Mortgage.Loans
About.Wells.Fargo
Financial.Education
Tax.Center
Rewards.and.Benefits,Your.Financial.Goals
Tax.Center
Accounts.and.Services,Online.Banking.Services
Mortgage.Loans,Tax.Center
Rewards.and.Benefits
Investing.and.Retirement,Investing.Solutions
About.Wells.Fargo
Financial.Education,Insurance
Online.Banking.Services
Insurance
Wealth.Services
Investing.Solutions,Tax.Center
Financial.Education
Financial.Education
Financial.Education
Financial.Education
Investing.and.Retirement
Investing.Solutions
Rewards.and.Benefits
Wealth.Services
Investing.and.Retirement
Investing.Solutions,Wealth.Services
Insurance,Your.Financial.Goals
Accounts.and.Services,Your.Financial.Goals
Investing.and.Retirement
Online.Banking.Services
About.Wells.Fargo,Accounts.and.Services,Insurance,Rewards.and.Benefits
Financial.Education,Rewards.and.Benefits
Accounts.and.Services
Investing.Solutions
About.Wells.Fargo
Rewards.and.Benefits
About.Wells.Fargo,Financial.Education,Insurance
Accounts.and.Services,Tax.Center
Accounts.and.Services
Wealth.Services
Wealth.Services
Investing.and.Retirement,Online.Banking.Services
Investing.Solutions
Mortgage.Loans,Rewards.and.Benefits
Financial.Education,Rewards.and.Benefits
Online.Banking.Services
Insurance,Online.Banking.Services
Accounts.and.Services
Rewards.and.Benefits
Online.Banking.Services
Rewards.and.Benefits
About.Wells.Fargo,Rewards.and.Benefits
Financial.Education,Insurance,Rewards.and.Benefits,Your.Financial.Goals
Financial.Education,Rewards.and.Benefits
Insurance,Investing.and.Retirement,Mortgage.Loans
Insurance,Mortgage.Loans,Wealth.Services,Your.Financial.Goals
Investing.Solutions,Online.Banking.Services
Financial.Education,Investing.Solutions
Mortgage.Loans
About.Wells.Fargo
Rewards.and.Benefits
Financial.Education,Mortgage.Loans
Financial.Education,Your.Financial.Goals
Accounts.and.Services
About.Wells.Fargo,Financial.Education,Online.Banking.Services,Rewards.and.Benefits
Financial.Education
Online.Banking.Services,Your.Financial.Goals
Mortgage.Loans,Online.Banking.Services
Tax.Center
Accounts.and.Services
Insurance
Insurance
About.Wells.Fargo,Rewards.and.Benefits
Financial.Education,Mortgage.Loans,Tax.Center,Wealth.Services
Wealth.Services
Online.Banking.Services
About.Wells.Fargo,Financial.Education,Investing.Solutions
Wealth.Services
About.Wells.Fargo
Rewards.and.Benefits
About.Wells.Fargo,Insurance
Rewards.and.Benefits
Mortgage.Loans
Financial.Education
About.Wells.Fargo,Wealth.Services
Investing.and.Retirement,Online.Banking.Services,Rewards.and.Benefits,Tax.Center
About.Wells.Fargo
Accounts.and.Services
Investing.and.Retirement
Rewards.and.Benefits
About.Wells.Fargo,Investing.Solutions
Financial.Education,Insurance,Mortgage.Loans,Tax.Center
Financial.Education
Financial.Education
Financial.Education
Tax.Center
Wealth.Services
Investing.and.Retirement
About.Wells.Fargo
Rewards.and.Benefits
Investing.and.Retirement
Financial.Education,Insurance
Financial.Education
Investing.Solutions
Online.Banking.Services
Your.Financial.Goals
Financial.Education
Investing.Solutions,Online.Banking.Services
Financial.Education,Investing.and.Retirement,Online.Banking.Services,Wealth.Services
Financial.Education
Insurance,Rewards.and.Benefits
Investing.and.Retirement,Online.Banking.Services
Insurance,Investing.Solutions,Mortgage.Loans,Your.Financial.Goals
Financial.Education
Insurance,Wealth.Services
Financial.Education
Financial.Education
Insurance
Wealth.Services
Financial.Education
Financial.Education,Investing.and.Retirement,Investing.Solutions,Mortgage.Loans
Online.Banking.Services
Mortgage.Loans
Online.Banking.Services
Tax.Center
Financial.Education
Insurance
Financial.Education
Wealth.Services
Tax.Center
Financial.Education
About.Wells.Fargo
Investing.Solutions
Investing.Solutions,Your.Financial.Goals
Insurance
Insurance,Investing.Solutions
About.Wells.Fargo
About.Wells.Fargo
Financial.Education,Tax.Center
Investing.and.Retirement
Insurance,Tax.Center
About.Wells.Fargo
Insurance,Investing.and.Retirement
Your.Financial.Goals
Your.Financial.Goals
Online.Banking.Services
Accounts.and.Services
Insurance
Insurance,Mortgage.Loans
Financial.Education,Investing.and.Retirement
Investing.and.Retirement
Rewards.and.Benefits
Financial.Education,Wealth.Services
About.Wells.Fargo
Insurance
Financial.Education,Rewards.and.Benefits
Rewards.and.Benefits
Rewards.and.Benefits
Financial.Education
Rewards.and.Benefits,Your.Financial.Goals
Wealth.Services
Accounts.and.Services,Wealth.Services
Accounts.and.Services,Wealth.Services
Accounts.and.Services,Your.Financial.Goals
Mortgage.Loans,Tax.Center
Tax.Center,Your.Financial.Goals
Investing.Solutions
Online.Banking.Services
Insurance
Wealth.Services
Accounts.and.Services,Online.Banking.Services,Wealth.Services,Your.Financial.Goals
About.Wells.Fargo,Insurance
Rewards.and.Benefits
Insurance
Investing.Solutions,Your.Financial.Goals
Your.Financial.Goals
About.Wells.Fargo,Insurance
Tax.Center
Investing.Solutions
Your.Financial.Goals
Your.Financial.Goals
Accounts.and.Services,Investing.Solutions,Online.Banking.Services,Wealth.Services
Accounts.and.Services,Mortgage.Loans
Investing.and.Retirement,Online.Banking.Services
Online.Banking.Services,Your.Financial.Goals
Tax.Center
About.Wells.Fargo
Tax.Center
Mortgage.Loans
Rewards.and.Benefits
Wealth.Services
About.Wells.Fargo
Rewards.and.Benefits
Accounts.and.Services,Wealth.Services
Insurance
Accounts.and.Services,Mortgage.Loans
Financial.Education,Insurance
Investing.and.Retirement
Rewards.and.Benefits
About.Wells.Fargo,Accounts.and.Services,Mortgage.Loans,Tax.Center
Accounts.and.Services,Financial.Education
Financial.Education,Investing.and.Retirement,Tax.Center
Financial.Education,Insurance,Investing.and.Retirement
Your.Financial.Goals
About.Wells.Fargo,Tax.Center
Investing.and.Retirement
Investing.and.Retirement,Wealth.Services
Financial.Education,Online.Banking.Services
Investing.Solutions,Mortgage.Loans
Insurance,Wealth.Services
Insurance
Online.Banking.Services
Financial.Education,Investing.Solutions
Mortgage.Loans,Tax.Center
Investing.Solutions
Accounts.and.Services,Rewards.and.Benefits
Investing.and.Retirement
Mortgage.Loans
Accounts.and.Services,Financial.Education
Financial.Education
Accounts.and.Services,Your.Financial.Goals
Investing.and.Retirement
Investing.and.Retirement,Tax.Center
About.Wells.Fargo,Financial.Education,Insurance,Your.Financial.Goals
About.Wells.Fargo,Wealth.Services
Accounts.and.Services,Investing.Solutions,Mortgage.Loans,Wealth.Services
Online.Banking.Services
Investing.and.Retirement
Accounts.and.Services,Financial.Education
About.Wells.Fargo,Investing.Solutions,Your.Financial.Goals
Online.Banking.Services
Investing.Solutions
About.Wells.Fargo
Insurance,Investing.and.Retirement,Investing.Solutions
Tax.Center
Rewards.and.Benefits
Online.Banking.Services
Rewards.and.Benefits
Mortgage.Loans
Financial.Education
Accounts.and.Services
Financial.Education,Tax.Center
Investing.Solutions
Insurance
Investing.and.Retirement,Your.Financial.Goals
Your.Financial.Goals
Accounts.and.Services
Accounts.and.Services
Insurance
Financial.Education
Financial.Education
Online.Banking.Services,Your.Financial.Goals
Accounts.and.Services,Financial.Education,Mortgage.Loans,Your.Financial.Goals
Financial.Education,Insurance,Rewards.and.Benefits
Online.Banking.Services
Investing.and.Retirement,Rewards.and.Benefits
Wealth.Services
About.Wells.Fargo,Insurance,Investing.and.Retirement,Rewards.and.Benefits
Financial.Education
Wealth.Services
Investing.Solutions
Investing.and.Retirement,Rewards.and.Benefits,Wealth.Services,Your.Financial.Goals
About.Wells.Fargo,Wealth.Services
Rewards.and.Benefits
Insurance
Financial.Education,Mortgage.Loans
Insurance,Your.Financial.Goals
Your.Financial.Goals
Financial.Education
Insurance
Accounts.and.Services,Tax.Center
Investing.and.Retirement
Financial.Education,Wealth.Services
Accounts.and.Services,Mortgage.Loans
About.Wells.Fargo,Financial.Education,Online.Banking.Services
Financial.Education
About.Wells.Fargo,Investing.Solutions
Online.Banking.Services
About.Wells.Fargo,Accounts.and.Services
Accounts.and.Services,Wealth.Services
Insurance
Your.Financial.Goals
Accounts.and.Services
About.Wells.Fargo,Mortgage.Loans
Online.Banking.Services
Rewards.and.Benefits
Mortgage.Loans
About.Wells.Fargo,Investing.Solutions
Accounts.and.Services,Investing.Solutions
Insurance
Accounts.and.Services
Your.Financial.Goals
About.Wells.Fargo,Investing.Solutions,Wealth.Services,Your.Financial.Goals
Rewards.and.Benefits
Accounts.and.Services,Investing.and.Retirement,Online.Banking.Services,Wealth.Services
Mortgage.Loans
Accounts.and.Services
Mortgage.Loans
About.Wells.Fargo,Accounts.and.Services,Online.Banking.Services
Financial.Education,Investing.and.Retirement,Online.Banking.Services,Tax.Center
Rewards.and.Benefits
Tax.Center
Rewards.and.Benefits
Mortgage.Loans
Investing.Solutions
Your.Financial.Goals
Tax.Center,Your.Financial.Goals
Tax.Center,Wealth.Services
Financial.Education,Your.Financial.Goals
Tax.Center
Investing.and.Retirement,Your.Financial.Goals
About.Wells.Fargo
Investing.Solutions
Tax.Center
Accounts.and.Services,Insurance,Mortgage.Loans,Tax.Center
Tax.Center
Accounts.and.Services,Rewards.and.Benefits
Accounts.and.Services
Wealth.Services
Mortgage.Loans,Your.Financial.Goals
Insurance,Online.Banking.Services,Rewards.and.Benefits,Wealth.Services
Wealth.Services
Mortgage.Loans
Investing.and.Retirement
Mortgage.Loans,Wealth.Services
About.Wells.Fargo,Insurance
Investing.Solutions,Wealth.Services
Accounts.and.Services
Your.Financial.Goals
Tax.Center
Accounts.and.Services,Mortgage.Loans
About.Wells.Fargo
Insurance
Rewards.and.Benefits
Accounts.and.Services
Accounts.and.Services,Rewards.and.Benefits
About.Wells.Fargo,Online.Banking.Services
Rewards.and.Benefits
Financial.Education,Your.Financial.Goals
Investing.and.Retirement,Tax.Center
Accounts.and.Services
Financial.Education,Mortgage.Loans
Investing.and.Retirement
Tax.Center
Wealth.Services
Investing.Solutions
Financial.Education
Tax.Center
Wealth.Services
About.Wells.Fargo,Accounts.and.Services
Financial.Education
Investing.Solutions
Accounts.and.Services,Investing.Solutions
Investing.and.Retirement
Investing.Solutions
Financial.Education
Investing.Solutions
Accounts.and.Services,Your.Financial.Goals
Financial.Education
Financial.Education,Wealth.Services
Rewards.and.Benefits,Tax.Center
Mortgage.Loans,Wealth.Services
Insurance
Your.Financial.Goals
Financial.Education
Investing.and.Retirement,Mortgage.Loans
Investing.Solutions
Investing.and.Retirement
Accounts.and.Services
About.Wells.Fargo,Your.Financial.Goals
Investing.and.Retirement,Your.Financial.Goals
Financial.Education
Accounts.and.Services,Insurance,Investing.and.Retirement,Mortgage.Loans
Online.Banking.Services
About.Wells.Fargo,Online.Banking.Services
Investing.and.Retirement,Investing.Solutions,Wealth.Services
Your.Financial.Goals
Mortgage.Loans
Accounts.and.Services,Mortgage.Loans,Rewards.and.Benefits,Your.Financial.Goals
Investing.Solutions,Tax.Center
Online.Banking.Services
Wealth.Services
Accounts.and.Services,Insurance
Financial.Education,Wealth.Services
Investing.Solutions,Rewards.and.Benefits
Accounts.and.Services,Investing.and.Retirement,Mortgage.Loans,Tax.Center
Accounts.and.Services
Online.Banking.Services
Insurance
Rewards.and.Benefits
Investing.Solutions
Accounts.and.Services
Financial.Education
Tax.Center
Mortgage.Loans
About.Wells.Fargo
Online.Banking.Services,Tax.Center
Accounts.and.Services,Investing.Solutions
Mortgage.Loans,Wealth.Services
Insurance
Accounts.and.Services
Financial.Education
Tax.Center
Rewards.and.Benefits,Tax.Center
Mortgage.Loans
Online.Banking.Services
Investing.Solutions
Mortgage.Loans
Wealth.Services
Financial.Education,Wealth.Services
Investing.and.Retirement
Your.Financial.Goals
About.Wells.Fargo
Accounts.and.Services,Insurance,Investing.and.Retirement
Tax.Center
Financial.Education,Rewards.and.Benefits
Wealth.Services
Financial.Education,Mortgage.Loans
Online.Banking.Services
About.Wells.Fargo
Wealth.Services
Mortgage.Loans
Investing.and.Retirement
Tax.Center,Wealth.Services,Your.Financial.Goals
Rewards.and.Benefits
Investing.and.Retirement
Investing.and.Retirement
Wealth.Services
Accounts.and.Services,Mortgage.Loans,Tax.Center,Wealth.Services
Tax.Center
Your.Financial.Goals
Online.Banking.Services
Financial.Education
Investing.Solutions
Investing.Solutions
About.Wells.Fargo,Online.Banking.Services
Rewards.and.Benefits
Investing.and.Retirement
Accounts.and.Services,Rewards.and.Benefits,Your.Financial.Goals
Rewards.and.Benefits
Investing.and.Retirement
Online.Banking.Services
About.Wells.Fargo
Insurance
Insurance,Investing.and.Retirement,Tax.Center
Wealth.Services
Insurance,Wealth.Services
Financial.Education,Mortgage.Loans
Rewards.and.Benefits,Wealth.Services
Mortgage.Loans
Tax.Center
Financial.Education,Tax.Center
Financial.Education,Investing.Solutions
Mortgage.Loans
Wealth.Services
Online.Banking.Services
Insurance
Insurance
Insurance,Rewards.and.Benefits
Rewards.and.Benefits
Mortgage.Loans
Insurance
Financial.Education,Tax.Center,Wealth.Services
Investing.Solutions,Online.Banking.Services,Rewards.and.Benefits,Wealth.Services
Financial.Education,Wealth.Services
Investing.Solutions,Mortgage.Loans,Your.Financial.Goals
Accounts.and.Services,Online.Banking.Services
Wealth.Services
Financial.Education,Insurance
About.Wells.Fargo,Insurance
Wealth.Services
Accounts.and.Services,Financial.Education
Mortgage.Loans
Investing.and.Retirement,Wealth.Services
Wealth.Services
Rewards.and.Benefits,Your.Financial.Goals
Tax.Center
Accounts.and.Services,Investing.and.Retirement
About.Wells.Fargo
Mortgage.Loans
Financial.Education
Wealth.Services
Insurance
Financial.Education
Insurance
Investing.and.Retirement,Mortgage.Loans
Investing.Solutions
Your.Financial.Goals
Financial.Education,Investing.Solutions,Online.Banking.Services,Rewards.and.Benefits
About.Wells.Fargo
Investing.Solutions,Tax.Center
Tax.Center
Accounts.and.Services,Wealth.Services
Tax.Center,Your.Financial.Goals
About.Wells.Fargo,Online.Banking.Services,Tax.Center
Accounts.and.Services
Rewards.and.Benefits,Your.Financial.Goals
Insurance
Investing.Solutions
Financial.Education,Investing.and.Retirement
Investing.and.Retirement
Tax.Center
Wealth.Services
Wealth.Services
Insurance
Investing.and.Retirement
Rewards.and.Benefits
Insurance,Tax.Center
Investing.and.Retirement
Accounts.and.Services,Mortgage.Loans
About.Wells.Fargo,Financial.Education,Mortgage.Loans,Rewards.and.Benefits
About.Wells.Fargo
About.Wells.Fargo
Financial.Education
Investing.Solutions
Accounts.and.Services
Online.Banking.Services
Accounts.and.Services
About.Wells.Fargo
Investing.Solutions
Investing.and.Retirement
Investing.Solutions,Mortgage.Loans,Wealth.Services
About.Wells.Fargo
Rewards.and.Benefits
Online.Banking.Services
Financial.Education
Insurance
About.Wells.Fargo
About.Wells.Fargo
Online.Banking.Services
About.Wells.Fargo,Online.Banking.Services,Tax.Center
Insurance,Investing.Solutions
About.Wells.Fargo,Financial.Education,Rewards.and.Benefits
Financial.Education,Tax.Center
Insurance,Investing.Solutions,Mortgage.Loans,Your.Financial.Goals
Investing.Solutions
About.Wells.Fargo,Rewards.and.Benefits
Investing.Solutions
Insurance,Online.Banking.Services
Accounts.and.Services
Financial.Education,Investing.Solutions
Accounts.and.Services,Investing.and.Retirement,Investing.Solutions,Mortgage.Loans
Wealth.Services
Accounts.and.Services
Financial.Education
Mortgage.Loans
Accounts.and.Services,Investing.and.Retirement
Wealth.Services
Financial.Education,Investing.Solutions
Mortgage.Loans
About.Wells.Fargo
Your.Financial.Goals
Investing.and.Retirement
Wealth.Services
About.Wells.Fargo,Financial.Education,Investing.Solutions,Your.Financial.Goals
Wealth.Services
Investing.and.Retirement,Rewards.and.Benefits,Wealth.Services,Your.Financial.Goals
Insurance
Mortgage.Loans
Rewards.and.Benefits
Rewards.and.Benefits
Online.Banking.Services
Insurance
Investing.and.Retirement
Insurance,Mortgage.Loans
Investing.and.Retirement,Tax.Center
Wealth.Services
Accounts.and.Services,Investing.and.Retirement,Tax.Center
Mortgage.Loans,Online.Banking.Services
Tax.Center
Tax.Center
About.Wells.Fargo
Accounts.and.Services,Financial.Education
Rewards.and.Benefits
Mortgage.Loans
About.Wells.Fargo,Your.Financial.Goals
About.Wells.Fargo
Accounts.and.Services
Mortgage.Loans,Rewards.and.Benefits
Investing.and.Retirement,Online.Banking.Services
Rewards.and.Benefits
Accounts.and.Services,Tax.Center,Wealth.Services,Your.Financial.Goals
About.Wells.Fargo,Rewards.and.Benefits
Your.Financial.Goals
Mortgage.Loans
Mortgage.Loans
Investing.and.Retirement,Investing.Solutions,Mortgage.Loans,Wealth.Services
Online.Banking.Services,Your.Financial.Goals
Mortgage.Loans,Online.Banking.Services
Financial.Education,Rewards.and.Benefits
Mortgage.Loans
Online.Banking.Services
Accounts.and.Services
Your.Financial.Goals
Investing.and.Retirement,Online.Banking.Services
Rewards.and.Benefits
Tax.Center,Wealth.Services
About.Wells.Fargo
Accounts.and.Services
Insurance
Accounts.and.Services
Financial.Education,Investing.and.Retirement,Online.Banking.Services,Rewards.and.Benefits
Tax.Center
Financial.Education,Mortgage.Loans,Online.Banking.Services,Wealth.Services
Tax.Center
Financial.Education,Wealth.Services
Online.Banking.Services
Financial.Education,Online.Banking.Services
Online.Banking.Services
Wealth.Services
Mortgage.Loans
Rewards.and.Benefits,Your.Financial.Goals
Insurance,Mortgage.Loans
Financial.Education,Investing.Solutions
Financial.Education
Investing.Solutions
Wealth.Services
Investing.and.Retirement
Insurance,Your.Financial.Goals
Financial.Education,Investing.Solutions,Tax.Center
About.Wells.Fargo
Insurance
Financial.Education
Mortgage.Loans
Online.Banking.Services
Mortgage.Loans
Investing.Solutions
About.Wells.Fargo,Investing.Solutions
About.Wells.Fargo
Financial.Education,Tax.Center
Tax.Center
Investing.Solutions,Online.Banking.Services
Insurance,Investing.Solutions
Investing.Solutions
Investing.and.Retirement,Tax.Center
Your.Financial.Goals
Mortgage.Loans
Accounts.and.Services,Investing.Solutions
About.Wells.Fargo
Online.Banking.Services
Wealth.Services
Online.Banking.Services
Investing.Solutions
Your.Financial.Goals
Accounts.and.Services
Accounts.and.Services,Financial.Education,Online.Banking.Services
Investing.and.Retirement
Investing.Solutions
Mortgage.Loans
Investing.and.Retirement
Wealth.Services
Mortgage.Loans
Rewards.and.Benefits
About.Wells.Fargo,Financial.Education
Investing.and.Retirement
Investing.Solutions,Tax.Center
Rewards.and.Benefits
Your.Financial.Goals
Investing.and.Retirement
Wealth.Services
Tax.Center
About.Wells.Fargo,Wealth.Services
Rewards.and.Benefits
Investing.and.Retirement
Accounts.and.Services,Rewards.and.Benefits,Wealth.Services,Your.Financial.Goals
About.Wells.Fargo,Accounts.and.Services
Investing.and.Retirement
Tax.Center
Accounts.and.Services,Tax.Center
Insurance
Mortgage.Loans
Wealth.Services
Mortgage.Loans
Accounts.and.Services,Mortgage.Loans
Wealth.Services
Your.Financial.Goals
Insurance
Online.Banking.Services
Online.Banking.Services
Your.Financial.Goals
Accounts.and.Services,Mortgage.Loans
Investing.Solutions
Mortgage.Loans
Online.Banking.Services
Accounts.and.Services,Investing.and.Retirement
Investing.and.Retirement
Tax.Center,Wealth.Services
Mortgage.Loans
Investing.and.Retirement,Mortgage.Loans,Rewards.and.Benefits,Wealth.Services
Wealth.Services
Wealth.Services
About.Wells.Fargo
Rewards.and.Benefits,Tax.Center
Wealth.Services
Insurance
Insurance
Accounts.and.Services
Mortgage.Loans
Investing.and.Retirement
Investing.Solutions
Investing.and.Retirement
About.Wells.Fargo,Tax.Center
Insurance
Accounts.and.Services
Wealth.Services
Wealth.Services
Investing.Solutions
Accounts.and.Services,Your.Financial.Goals
About.Wells.Fargo
Financial.Education,Wealth.Services
Financial.Education,Mortgage.Loans
Investing.Solutions
Your.Financial.Goals
About.Wells.Fargo
Accounts.and.Services,Your.Financial.Goals
Online.Banking.Services,Tax.Center
Investing.and.Retirement,Online.Banking.Services
Rewards.and.Benefits,Wealth.Services
Accounts.and.Services
Rewards.and.Benefits
Rewards.and.Benefits
Mortgage.Loans
Investing.Solutions
Tax.Center,Your.Financial.Goals
Accounts.and.Services,Financial.Education,Online.Banking.Services,Wealth.Services
Financial.Education,Investing.and.Retirement
Rewards.and.Benefits
About.Wells.Fargo,Rewards.and.Benefits
Investing.and.Retirement
Wealth.Services
Insurance,Tax.Center
Accounts.and.Services
Financial.Education
Financial.Education
Rewards.and.Benefits
Investing.Solutions
Investing.Solutions
Investing.Solutions
Financial.Education
Investing.and.Retirement,Your.Financial.Goals
About.Wells.Fargo,Wealth.Services
Your.Financial.Goals
Investing.Solutions,Online.Banking.Services
Accounts.and.Services
Wealth.Services
Online.Banking.Services
Rewards.and.Benefits
Wealth.Services
Financial.Education,Online.Banking.Services
Insurance
Financial.Education
Wealth.Services
Financial.Education
Mortgage.Loans
About.Wells.Fargo,Insurance,Mortgage.Loans,Rewards.and.Benefits
Accounts.and.Services
About.Wells.Fargo,Online.Banking.Services
Mortgage.Loans
Financial.Education,Tax.Center
About.Wells.Fargo
Wealth.Services
Investing.and.Retirement,Tax.Center
Investing.Solutions
Insurance
Financial.Education
Accounts.and.Services
Insurance
Tax.Center
Investing.and.Retirement
Accounts.and.Services,Wealth.Services
Your.Financial.Goals
Investing.Solutions
Investing.and.Retirement,Wealth.Services
Accounts.and.Services
Insurance,Investing.and.Retirement
Rewards.and.Benefits,Your.Financial.Goals
About.Wells.Fargo
Tax.Center
Online.Banking.Services
Insurance
Accounts.and.Services,Mortgage.Loans
Mortgage.Loans
Your.Financial.Goals
Online.Banking.Services
Mortgage.Loans,Tax.Center,Your.Financial.Goals
Accounts.and.Services,Insurance
Rewards.and.Benefits
Rewards.and.Benefits
Insurance,Online.Banking.Services
Financial.Education
Rewards.and.Benefits
About.Wells.Fargo,Your.Financial.Goals
Accounts.and.Services
Financial.Education,Investing.Solutions
Tax.Center
Financial.Education
Accounts.and.Services,Mortgage.Loans
About.Wells.Fargo,Investing.and.Retirement
Investing.and.Retirement
About.Wells.Fargo,Accounts.and.Services
Financial.Education
Accounts.and.Services,Financial.Education
Investing.Solutions
Investing.Solutions
Investing.and.Retirement,Investing.Solutions
Financial.Education
Rewards.and.Benefits
Accounts.and.Services,Insurance
Your.Financial.Goals
Investing.Solutions
Investing.and.Retirement,Wealth.Services
Accounts.and.Services
Accounts.and.Services
Rewards.and.Benefits,Your.Financial.Goals
Accounts.and.Services,Financial.Education,Investing.Solutions,Mortgage.Loans
Accounts.and.Services
Rewards.and.Benefits
Wealth.Services
About.Wells.Fargo
Accounts.and.Services,Insurance
About.Wells.Fargo
Accounts.and.Services
About.Wells.Fargo,Investing.Solutions
Investing.and.Retirement
Online.Banking.Services
Investing.and.Retirement
Financial.Education,Wealth.Services
Accounts.and.Services
Online.Banking.Services,Rewards.and.Benefits
Insurance,Investing.Solutions,Online.Banking.Services
Your.Financial.Goals
Financial.Education,Insurance,Rewards.and.Benefits,Tax.Center
Investing.Solutions
Rewards.and.Benefits
Investing.and.Retirement,Mortgage.Loans,Online.Banking.Services,Wealth.Services
Investing.and.Retirement,Mortgage.Loans,Online.Banking.Services,Rewards.and.Benefits
About.Wells.Fargo,Tax.Center
About.Wells.Fargo,Accounts.and.Services
Mortgage.Loans
Insurance
Investing.and.Retirement,Online.Banking.Services
Rewards.and.Benefits
Online.Banking.Services
Financial.Education
Investing.Solutions
Rewards.and.Benefits
About.Wells.Fargo,Investing.and.Retirement
Insurance
Rewards.and.Benefits
Accounts.and.Services
Online.Banking.Services,Your.Financial.Goals
Insurance
Wealth.Services
About.Wells.Fargo,Accounts.and.Services,Online.Banking.Services,Your.Financial.Goals
Insurance,Your.Financial.Goals
Mortgage.Loans,Tax.Center
Investing.Solutions
Rewards.and.Benefits
Investing.Solutions
Investing.and.Retirement,Mortgage.Loans,Tax.Center
Financial.Education
Financial.Education,Mortgage.Loans
Wealth.Services
Mortgage.Loans
Mortgage.Loans,Online.Banking.Services
Financial.Education,Investing.Solutions
Investing.Solutions,Rewards.and.Benefits
Wealth.Services
Tax.Center,Your.Financial.Goals
Mortgage.Loans
Rewards.and.Benefits
Online.Banking.Services
Online.Banking.Services
Insurance,Tax.Center
Financial.Education,Online.Banking.Services,Tax.Center,Wealth.Services
Investing.Solutions
Accounts.and.Services,Insurance,Rewards.and.Benefits,Your.Financial.Goals
Online.Banking.Services
Investing.and.Retirement,Online.Banking.Services,Your.Financial.Goals
Investing.and.Retirement
Mortgage.Loans
Online.Banking.Services
Online.Banking.Services
Investing.and.Retirement,Wealth.Services
Financial.Education,Mortgage.Loans,Online.Banking.Services
Rewards.and.Benefits
Insurance
Accounts.and.Services
Insurance,Online.Banking.Services
Online.Banking.Services,Tax.Center
Rewards.and.Benefits
Investing.Solutions,Mortgage.Loans
Wealth.Services
Insurance,Mortgage.Loans
Financial.Education
About.Wells.Fargo
About.Wells.Fargo
Tax.Center,Your.Financial.Goals
Insurance,Investing.Solutions
Accounts.and.Services,Financial.Education,Rewards.and.Benefits
Tax.Center
Financial.Education,Mortgage.Loans
Rewards.and.Benefits
Financial.Education
Mortgage.Loans,Rewards.and.Benefits
Investing.Solutions,Tax.Center
Financial.Education
Your.Financial.Goals
Tax.Center
Online.Banking.Services,Wealth.Services
Tax.Center
Financial.Education
Your.Financial.Goals
Investing.and.Retirement
Mortgage.Loans
About.Wells.Fargo
Accounts.and.Services
Accounts.and.Services
Financial.Education
Mortgage.Loans
Accounts.and.Services
Accounts.and.Services
Investing.Solutions
Accounts.and.Services
About.Wells.Fargo,Financial.Education,Your.Financial.Goals
Financial.Education
Online.Banking.Services
Insurance
Online.Banking.Services
Accounts.and.Services
Tax.Center
Your.Financial.Goals
About.Wells.Fargo
Financial.Education
Investing.and.Retirement,Your.Financial.Goals
Accounts.and.Services,Your.Financial.Goals
Investing.and.Retirement
Investing.and.Retirement,Tax.Center
Tax.Center
Financial.Education
Accounts.and.Services,Mortgage.Loans
About.Wells.Fargo,Accounts.and.Services,Tax.Center
Accounts.and.Services,Investing.Solutions,Rewards.and.Benefits
Investing.Solutions,Rewards.and.Benefits
Wealth.Services
Insurance,Investing.and.Retirement,Your.Financial.Goals
Investing.Solutions,Your.Financial.Goals
Accounts.and.Services
Accounts.and.Services,Tax.Center
Wealth.Services
About.Wells.Fargo,Accounts.and.Services,Investing.Solutions,Online.Banking.Services
Online.Banking.Services
Accounts.and.Services,Investing.and.Retirement
Insurance
Tax.Center
Wealth.Services
Mortgage.Loans,Online.Banking.Services
Investing.and.Retirement,Tax.Center
Investing.and.Retirement
About.Wells.Fargo,Rewards.and.Benefits
Financial.Education,Investing.Solutions
Financial.Education
About.Wells.Fargo
About.Wells.Fargo
Insurance
Investing.and.Retirement,Investing.Solutions,Wealth.Services,Your.Financial.Goals
Rewards.and.Benefits,Wealth.Services
Financial.Education,Mortgage.Loans
Wealth.Services
Investing.Solutions,Rewards.and.Benefits
About.Wells.Fargo,Financial.Education
Investing.Solutions,Wealth.Services
Insurance
Wealth.Services
Mortgage.Loans,Wealth.Services
About.Wells.Fargo,Accounts.and.Services,Financial.Education
Investing.and.Retirement,Mortgage.Loans
Financial.Education,Rewards.and.Benefits
About.Wells.Fargo
Investing.Solutions,Wealth.Services
About.Wells.Fargo
Accounts.and.Services
Investing.Solutions,Rewards.and.Benefits
Rewards.and.Benefits
Investing.and.Retirement
Investing.Solutions,Your.Financial.Goals
Investing.and.Retirement
Investing.and.Retirement
Tax.Center
Investing.Solutions
Tax.Center
Tax.Center
Rewards.and.Benefits
Investing.Solutions
Insurance
Investing.and.Retirement
Mortgage.Loans,Wealth.Services
Tax.Center
Mortgage.Loans
About.Wells.Fargo,Investing.Solutions,Wealth.Services
Insurance,Investing.and.Retirement
Investing.Solutions
Tax.Center
Wealth.Services
Investing.and.Retirement
About.Wells.Fargo,Insurance,Tax.Center
About.Wells.Fargo,Online.Banking.Services
Insurance
About.Wells.Fargo,Accounts.and.Services,Investing.and.Retirement,Online.Banking.Services
Online.Banking.Services
Wealth.Services
Financial.Education,Your.Financial.Goals
Investing.and.Retirement
Tax.Center
Accounts.and.Services,Investing.and.Retirement
Investing.and.Retirement
Accounts.and.Services
Tax.Center
Accounts.and.Services
Investing.Solutions,Online.Banking.Services
Accounts.and.Services,Investing.Solutions,Mortgage.Loans,Your.Financial.Goals
Investing.Solutions,Online.Banking.Services
Financial.Education
Investing.Solutions
Insurance,Wealth.Services
Accounts.and.Services
About.Wells.Fargo,Accounts.and.Services,Mortgage.Loans,Rewards.and.Benefits
Rewards.and.Benefits
About.Wells.Fargo
Online.Banking.Services,Wealth.Services
About.Wells.Fargo
Your.Financial.Goals
Investing.Solutions
Financial.Education
Financial.Education,Investing.and.Retirement,Online.Banking.Services,Wealth.Services
Your.Financial.Goals
Tax.Center
Rewards.and.Benefits,Tax.Center
Accounts.and.Services,Wealth.Services
Mortgage.Loans,Online.Banking.Services
Insurance
Accounts.and.Services
Tax.Center
Accounts.and.Services,Investing.and.Retirement
Accounts.and.Services,Investing.and.Retirement,Your.Financial.Goals
About.Wells.Fargo
Financial.Education
Financial.Education
Accounts.and.Services,Tax.Center,Your.Financial.Goals
Insurance
About.Wells.Fargo,Online.Banking.Services
Insurance
Insurance
Accounts.and.Services,Investing.and.Retirement
Financial.Education
Insurance
About.Wells.Fargo,Wealth.Services
Investing.and.Retirement
Financial.Education,Investing.and.Retirement,Rewards.and.Benefits
Tax.Center
Rewards.and.Benefits,Your.Financial.Goals
Tax.Center
About.Wells.Fargo,Investing.Solutions,Online.Banking.Services
Investing.Solutions
Online.Banking.Services
Wealth.Services
Wealth.Services
Mortgage.Loans,Your.Financial.Goals
Investing.Solutions
Investing.Solutions
Investing.Solutions,Tax.Center
Wealth.Services
Financial.Education
About.Wells.Fargo
Tax.Center
Investing.and.Retirement,Investing.Solutions
Investing.Solutions,Mortgage.Loans
Your.Financial.Goals
Insurance
Accounts.and.Services,Online.Banking.Services
Investing.Solutions
About.Wells.Fargo
Tax.Center
About.Wells.Fargo,Your.Financial.Goals
Your.Financial.Goals
About.Wells.Fargo,Financial.Education,Online.Banking.Services,Wealth.Services
Accounts.and.Services
Your.Financial.Goals
Financial.Education,Online.Banking.Services
Online.Banking.Services
Accounts.and.Services,Investing.and.Retirement
Tax.Center
Investing.Solutions,Wealth.Services
Online.Banking.Services
Mortgage.Loans,Online.Banking.Services
About.Wells.Fargo,Mortgage.Loans
About.Wells.Fargo
Rewards.and.Benefits
Mortgage.Loans,Rewards.and.Benefits
Tax.Center
Insurance,Mortgage.Loans
Investing.and.Retirement
Accounts.and.Services
Rewards.and.Benefits
Rewards.and.Benefits
Wealth.Services
Insurance,Online.Banking.Services
Investing.and.Retirement
Mortgage.Loans,Wealth.Services
Wealth.Services
Insurance
About.Wells.Fargo,Tax.Center
Online.Banking.Services
Insurance,Your.Financial.Goals
About.Wells.Fargo
Investing.and.Retirement
Investing.and.Retirement,Investing.Solutions
Financial.Education
Mortgage.Loans
Online.Banking.Services
Accounts.and.Services,Insurance,Investing.and.Retirement,Tax.Center
Rewards.and.Benefits
Financial.Education
Online.Banking.Services
Investing.and.Retirement,Online.Banking.Services,Tax.Center,Your.Financial.Goals
Accounts.and.Services,Investing.Solutions
Investing.and.Retirement
About.Wells.Fargo,Investing.Solutions,Wealth.Services,Your.Financial.Goals
Financial.Education,Investing.Solutions,Online.Banking.Services,Wealth.Services
Your.Financial.Goals
Investing.Solutions,Tax.Center
Accounts.and.Services,Rewards.and.Benefits
Financial.Education,Wealth.Services
Rewards.and.Benefits
Financial.Education,Investing.Solutions,Rewards.and.Benefits
Financial.Education,Mortgage.Loans
Insurance
Rewards.and.Benefits
Investing.Solutions,Online.Banking.Services,Rewards.and.Benefits,Wealth.Services
Investing.Solutions
Online.Banking.Services,Your.Financial.Goals
Investing.and.Retirement
Wealth.Services
Insurance,Wealth.Services
Tax.Center,Wealth.Services
Your.Financial.Goals
Financial.Education,Tax.Center
Insurance
Online.Banking.Services,Rewards.and.Benefits
Mortgage.Loans
Accounts.and.Services
Investing.and.Retirement
About.Wells.Fargo,Mortgage.Loans
Financial.Education
Online.Banking.Services
Online.Banking.Services
Insurance
About.Wells.Fargo
Insurance
Your.Financial.Goals
Wealth.Services
Financial.Education,Insurance
Online.Banking.Services
Accounts.and.Services,Financial.Education
Investing.and.Retirement,Your.Financial.Goals
Rewards.and.Benefits
Insurance,Your.Financial.Goals
About.Wells.Fargo,Your.Financial.Goals
Financial.Education
About.Wells.Fargo
Investing.Solutions
Online.Banking.Services
Online.Banking.Services
Wealth.Services
Insurance,Investing.Solutions,Mortgage.Loans,Tax.Center
Rewards.and.Benefits
Insurance,Investing.and.Retirement
Tax.Center
Your.Financial.Goals
Accounts.and.Services
Rewards.and.Benefits,Your.Financial.Goals
Tax.Center
Rewards.and.Benefits
Wealth.Services
Rewards.and.Benefits,Your.Financial.Goals
Tax.Center
Online.Banking.Services
Investing.and.Retirement
Wealth.Services
Your.Financial.Goals
Financial.Education
Investing.Solutions
Insurance
Rewards.and.Benefits,Tax.Center
Mortgage.Loans
Financial.Education
Accounts.and.Services,Financial.Education,Tax.Center
Mortgage.Loans
Investing.Solutions,Rewards.and.Benefits
Accounts.and.Services
Insurance
Tax.Center
Rewards.and.Benefits
Insurance,Mortgage.Loans
Insurance,Mortgage.Loans,Your.Financial.Goals
About.Wells.Fargo
Wealth.Services
Wealth.Services
Online.Banking.Services
Tax.Center,Your.Financial.Goals
Rewards.and.Benefits
Rewards.and.Benefits
Your.Financial.Goals
Accounts.and.Services,Insurance
Insurance,Investing.and.Retirement,Online.Banking.Services
Mortgage.Loans
Mortgage.Loans
Tax.Center,Your.Financial.Goals
Insurance
Investing.Solutions
Investing.and.Retirement,Rewards.and.Benefits
Tax.Center
Financial.Education
Insurance
Accounts.and.Services,Investing.Solutions,Rewards.and.Benefits,Wealth.Services
Financial.Education
Investing.Solutions,Your.Financial.Goals
About.Wells.Fargo,Rewards.and.Benefits
Insurance
Financial.Education,Insurance
Financial.Education,Investing.Solutions,Mortgage.Loans,Wealth.Services
Investing.and.Retirement
Mortgage.Loans,Online.Banking.Services
Investing.Solutions
Investing.Solutions,Tax.Center
Mortgage.Loans
Your.Financial.Goals
Insurance,Your.Financial.Goals
Accounts.and.Services
Insurance,Investing.and.Retirement
Wealth.Services
Tax.Center
Tax.Center
Financial.Education,Your.Financial.Goals
Investing.and.Retirement
About.Wells.Fargo
Your.Financial.Goals
Investing.and.Retirement
Investing.and.Retirement
Financial.Education
Accounts.and.Services,Tax.Center
About.Wells.Fargo
About.Wells.Fargo,Online.Banking.Services
Rewards.and.Benefits,Tax.Center
Tax.Center
About.Wells.Fargo,Investing.and.Retirement
Wealth.Services
Your.Financial.Goals
Insurance
Financial.Education,Investing.Solutions,Rewards.and.Benefits
Wealth.Services
Mortgage.Loans,Rewards.and.Benefits
Investing.and.Retirement,Your.Financial.Goals
Rewards.and.Benefits
Insurance,Your.Financial.Goals
Investing.Solutions
About.Wells.Fargo
Investing.Solutions
Online.Banking.Services
Insurance,Mortgage.Loans,Online.Banking.Services
Rewards.and.Benefits
Insurance,Investing.Solutions
Rewards.and.Benefits
Investing.and.Retirement
Online.Banking.Services,Rewards.and.Benefits
Financial.Education,Wealth.Services
Rewards.and.Benefits
About.Wells.Fargo
Rewards.and.Benefits
Investing.Solutions
Your.Financial.Goals
Financial.Education,Insurance,Investing.Solutions,Mortgage.Loans
Investing.Solutions
Accounts.and.Services,Your.Financial.Goals
Investing.Solutions,Tax.Center
Mortgage.Loans
Wealth.Services
Wealth.Services
Mortgage.Loans,Your.Financial.Goals
Wealth.Services
Investing.and.Retirement
Online.Banking.Services
Accounts.and.Services,Investing.and.Retirement,Tax.Center
Your.Financial.Goals
Tax.Center,Your.Financial.Goals
Accounts.and.Services,Insurance,Investing.Solutions
Wealth.Services
Accounts.and.Services,Financial.Education
Investing.Solutions
Investing.and.Retirement
Mortgage.Loans,Online.Banking.Services,Rewards.and.Benefits,Tax.Center
Investing.and.Retirement,Online.Banking.Services
Accounts.and.Services
About.Wells.Fargo,Wealth.Services
Accounts.and.Services,Tax.Center
Accounts.and.Services,Insurance,Mortgage.Loans,Rewards.and.Benefits
Financial.Education
Tax.Center
Tax.Center
Investing.Solutions,Mortgage.Loans,Rewards.and.Benefits,Wealth.Services
Investing.and.Retirement,Tax.Center
Tax.Center
Tax.Center,Wealth.Services
Mortgage.Loans
Wealth.Services
Wealth.Services
Accounts.and.Services
Insurance
Investing.Solutions,Online.Banking.Services
Online.Banking.Services
Investing.Solutions
About.Wells.Fargo,Rewards.and.Benefits,Tax.Center
Accounts.and.Services,Investing.and.Retirement
Investing.and.Retirement,Tax.Center
Rewards.and.Benefits
Tax.Center,Wealth.Services
Mortgage.Loans
Insurance
Investing.Solutions
Your.Financial.Goals
About.Wells.Fargo,Wealth.Services
Investing.Solutions
Accounts.and.Services
Accounts.and.Services,Investing.Solutions
Investing.Solutions,Your.Financial.Goals
Tax.Center
Wealth.Services
Tax.Center
Online.Banking.Services
Accounts.and.Services,Insurance,Mortgage.Loans
Your.Financial.Goals
Investing.Solutions
Your.Financial.Goals
Mortgage.Loans
Wealth.Services
Your.Financial.Goals
Wealth.Services
Wealth.Services
Accounts.and.Services,Financial.Education,Investing.and.Retirement,Online.Banking.Services
Tax.Center
Online.Banking.Services
Online.Banking.Services
Financial.Education
Financial.Education,Online.Banking.Services
Accounts.and.Services,Your.Financial.Goals
Investing.and.Retirement
Rewards.and.Benefits
Mortgage.Loans
Investing.Solutions,Mortgage.Loans
Tax.Center
Online.Banking.Services,Tax.Center
Financial.Education
Accounts.and.Services
Investing.Solutions,Your.Financial.Goals
Financial.Education
Financial.Education,Insurance
Online.Banking.Services
Online.Banking.Services
Tax.Center
Mortgage.Loans
Online.Banking.Services
Tax.Center
Rewards.and.Benefits
Investing.and.Retirement
About.Wells.Fargo
Insurance
About.Wells.Fargo
Investing.and.Retirement
Mortgage.Loans
Investing.Solutions
Investing.Solutions
Your.Financial.Goals
Insurance
Accounts.and.Services
Investing.Solutions,Tax.Center
About.Wells.Fargo
Accounts.and.Services,Mortgage.Loans
Rewards.and.Benefits
Insurance,Investing.and.Retirement,Investing.Solutions,Wealth.Services
About.Wells.Fargo,Your.Financial.Goals
Investing.and.Retirement
Tax.Center
Accounts.and.Services,Investing.and.Retirement
Online.Banking.Services
Insurance
About.Wells.Fargo
Financial.Education,Wealth.Services
Rewards.and.Benefits,Your.Financial.Goals
Tax.Center
Accounts.and.Services
Investing.and.Retirement
Financial.Education
About.Wells.Fargo
Rewards.and.Benefits,Wealth.Services,Your.Financial.Goals
Investing.Solutions
About.Wells.Fargo,Online.Banking.Services
Wealth.Services
Rewards.and.Benefits
Your.Financial.Goals
Rewards.and.Benefits
Insurance
Investing.Solutions
Investing.Solutions,Rewards.and.Benefits
Tax.Center
Your.Financial.Goals
Tax.Center
Online.Banking.Services
Rewards.and.Benefits
Financial.Education,Insurance
Financial.Education,Mortgage.Loans
Rewards.and.Benefits
Mortgage.Loans
Financial.Education
Investing.and.Retirement
Insurance,Wealth.Services
Your.Financial.Goals
Investing.Solutions,Tax.Center
About.Wells.Fargo
Accounts.and.Services,Investing.and.Retirement
Rewards.and.Benefits
Investing.and.Retirement
Investing.Solutions
Financial.Education
About.Wells.Fargo
Investing.and.Retirement,Investing.Solutions,Wealth.Services
Financial.Education
Mortgage.Loans
Financial.Education,Investing.and.Retirement
Online.Banking.Services
Investing.and.Retirement,Mortgage.Loans
Rewards.and.Benefits,Your.Financial.Goals
Investing.and.Retirement
Online.Banking.Services
About.Wells.Fargo
Accounts.and.Services,Investing.Solutions
Your.Financial.Goals
About.Wells.Fargo,Rewards.and.Benefits
Mortgage.Loans
Your.Financial.Goals
About.Wells.Fargo,Wealth.Services
Financial.Education,Tax.Center
About.Wells.Fargo,Your.Financial.Goals
Rewards.and.Benefits
About.Wells.Fargo,Financial.Education,Insurance
Insurance,Mortgage.Loans
Financial.Education
About.Wells.Fargo,Investing.and.Retirement
Accounts.and.Services
Your.Financial.Goals
Investing.and.Retirement,Investing.Solutions,Online.Banking.Services,Wealth.Services
Tax.Center,Your.Financial.Goals
Investing.and.Retirement
Accounts.and.Services
About.Wells.Fargo,Investing.and.Retirement,Online.Banking.Services
Accounts.and.Services,Tax.Center
Insurance,Investing.Solutions,Online.Banking.Services,Tax.Center
Accounts.and.Services
About.Wells.Fargo,Rewards.and.Benefits
Insurance,Online.Banking.Services,Rewards.and.Benefits,Wealth.Services
Investing.Solutions,Mortgage.Loans
Online.Banking.Services
Investing.and.Retirement
Tax.Center
Insurance
Investing.and.Retirement,Wealth.Services,Your.Financial.Goals
Insurance
About.Wells.Fargo,Accounts.and.Services,Insurance,Mortgage.Loans
Your.Financial.Goals
Rewards.and.Benefits,Your.Financial.Goals
Financial.Education
Investing.and.Retirement
Wealth.Services
About.Wells.Fargo,Accounts.and.Services,Investing.Solutions,Rewards.and.Benefits
Financial.Education,Tax.Center
Financial.Education,Mortgage.Loans
Insurance
Your.Financial.Goals
Financial.Education,Mortgage.Loans
Financial.Education,Insurance,Mortgage.Loans,Your.Financial.Goals
Wealth.Services
Investing.and.Retirement
Online.Banking.Services,Rewards.and.Benefits
Accounts.and.Services,Investing.and.Retirement,Tax.Center,Your.Financial.Goals
Financial.Education,Investing.and.Retirement
Online.Banking.Services
Insurance,Tax.Center
Financial.Education
Financial.Education
Online.Banking.Services
Investing.Solutions
Financial.Education,Investing.and.Retirement
Accounts.and.Services,Investing.Solutions
Tax.Center
Financial.Education
Investing.Solutions,Wealth.Services
Online.Banking.Services
Rewards.and.Benefits
Online.Banking.Services,Wealth.Services
Insurance,Investing.and.Retirement
Tax.Center
Tax.Center,Wealth.Services
Financial.Education,Mortgage.Loans
Mortgage.Loans
Insurance
About.Wells.Fargo,Tax.Center
Investing.Solutions,Wealth.Services
Accounts.and.Services,Mortgage.Loans
Your.Financial.Goals
Investing.Solutions
Investing.and.Retirement
Financial.Education,Online.Banking.Services
Mortgage.Loans
Mortgage.Loans,Rewards.and.Benefits
Tax.Center
Tax.Center
Tax.Center
Insurance,Wealth.Services
Financial.Education,Rewards.and.Benefits
Financial.Education
Investing.Solutions,Mortgage.Loans
Accounts.and.Services,Financial.Education,Mortgage.Loans,Online.Banking.Services
Tax.Center
Online.Banking.Services
Financial.Education,Rewards.and.Benefits
Accounts.and.Services
About.Wells.Fargo,Your.Financial.Goals
Investing.Solutions
Accounts.and.Services,Financial.Education,Rewards.and.Benefits,Tax.Center
Mortgage.Loans
Online.Banking.Services
Accounts.and.Services,Insurance
Accounts.and.Services
Tax.Center
Wealth.Services
Insurance
Wealth.Services
Financial.Education
Investing.Solutions
Investing.and.Retirement,Tax.Center
Online.Banking.Services
Investing.Solutions
Rewards.and.Benefits
Accounts.and.Services,Investing.and.Retirement
Accounts.and.Services,Online.Banking.Services
Investing.and.Retirement,Your.Financial.Goals
About.Wells.Fargo
Investing.and.Retirement,Investing.Solutions,Online.Banking.Services,Your.Financial.Goals
About.Wells.Fargo,Rewards.and.Benefits,Your.Financial.Goals
Online.Banking.Services
Accounts.and.Services
Tax.Center,Your.Financial.Goals
Investing.and.Retirement
About.Wells.Fargo
About.Wells.Fargo,Tax.Center
Insurance
Insurance,Online.Banking.Services,Rewards.and.Benefits,Your.Financial.Goals
Mortgage.Loans,Online.Banking.Services,Tax.Center,Wealth.Services
Rewards.and.Benefits
Online.Banking.Services
Insurance,Investing.Solutions
Rewards.and.Benefits
Accounts.and.Services
Online.Banking.Services
Tax.Center
Wealth.Services
Investing.and.Retirement
Investing.and.Retirement,Mortgage.Loans
Mortgage.Loans
Mortgage.Loans
Accounts.and.Services,Wealth.Services
Rewards.and.Benefits
Investing.Solutions,Rewards.and.Benefits
Accounts.and.Services,Mortgage.Loans
Mortgage.Loans
Financial.Education,Your.Financial.Goals
Insurance,Investing.and.Retirement,Wealth.Services,Your.Financial.Goals
Mortgage.Loans,Rewards.and.Benefits
Insurance
Investing.Solutions
Insurance,Investing.and.Retirement
Investing.Solutions,Online.Banking.Services
Online.Banking.Services
Financial.Education,Mortgage.Loans,Online.Banking.Services,Tax.Center
Financial.Education,Mortgage.Loans
Wealth.Services
Investing.Solutions
Tax.Center
Tax.Center
Mortgage.Loans
Mortgage.Loans
Financial.Education
Rewards.and.Benefits,Your.Financial.Goals
Rewards.and.Benefits
Rewards.and.Benefits
Accounts.and.Services,Financial.Education,Investing.and.Retirement,Online.Banking.Services
Mortgage.Loans,Wealth.Services
Mortgage.Loans
About.Wells.Fargo,Financial.Education
Accounts.and.Services,Online.Banking.Services
Investing.and.Retirement,Rewards.and.Benefits
Investing.and.Retirement
Accounts.and.Services,Investing.Solutions,Mortgage.Loans,Wealth.Services
Wealth.Services
Insurance
Mortgage.Loans,Online.Banking.Services,Tax.Center
Investing.Solutions
Insurance
Your.Financial.Goals
Mortgage.Loans,Your.Financial.Goals
Investing.Solutions
Insurance
Tax.Center
Investing.and.Retirement
Insurance,Wealth.Services
Mortgage.Loans
Financial.Education
Financial.Education,Investing.Solutions
Financial.Education
Investing.and.Retirement
Accounts.and.Services
Your.Financial.Goals
Financial.Education,Rewards.and.Benefits
About.Wells.Fargo
Accounts.and.Services
Online.Banking.Services
Online.Banking.Services,Rewards.and.Benefits
Mortgage.Loans,Online.Banking.Services,Tax.Center,Your.Financial.Goals
Financial.Education,Investing.and.Retirement,Tax.Center,Wealth.Services
Investing.and.Retirement
Accounts.and.Services,Financial.Education
Your.Financial.Goals
Investing.and.Retirement
Mortgage.Loans
Accounts.and.Services
Investing.and.Retirement,Rewards.and.Benefits
Online.Banking.Services
About.Wells.Fargo,Financial.Education,Online.Banking.Services
Investing.and.Retirement,Mortgage.Loans
Financial.Education,Investing.Solutions
About.Wells.Fargo,Accounts.and.Services,Insurance,Tax.Center
Accounts.and.Services
Accounts.and.Services
Insurance
Financial.Education
Online.Banking.Services,Your.Financial.Goals
Investing.and.Retirement,Investing.Solutions
Online.Banking.Services
Investing.Solutions
About.Wells.Fargo,Financial.Education,Insurance,Tax.Center
Investing.and.Retirement,Investing.Solutions
Accounts.and.Services,Insurance,Mortgage.Loans,Wealth.Services
Accounts.and.Services
Insurance,Investing.Solutions
Financial.Education
Tax.Center
Investing.Solutions
Rewards.and.Benefits
About.Wells.Fargo
About.Wells.Fargo
Accounts.and.Services
Insurance
Online.Banking.Services
Mortgage.Loans,Online.Banking.Services,Wealth.Services,Your.Financial.Goals
Accounts.and.Services
Your.Financial.Goals
Investing.Solutions
Your.Financial.Goals
